title,address,type,educational,workExperience,workTag,salary,salaryMonth,companyTags,hrWork,hrName,pratice,companyTitle,companyAvatar,companyNature,companyStatus,companyPeople,detailUrl,companyUrl,dist
设备开发工程师,湖州,电气设计工程师,大专,3-5年,"[""\u8bbe\u5907\u8bbe\u8ba1"", ""\u8bbe\u5907\u5b89\u88c5""]","[10000, 12000]",0薪,无,人事,吕女士人事,0,恒林家居股份有限公司,"https://img.bosszhipin.com/beijin/app/mobile/normal-0e3f1e4441a21d4874cece3a3d81f0fe.png?x-oss-process=image/resize,w_100,limit_0",其他行业,未融资,"[1000, 9999]",https://www.zhipin.com/job_detail/e3a05784bf91fabb1Xx42dS0E1dX.html?lid=5enNtL9lp6a.search.211&securityId=zf5DF3DWlShyX-E1jNIkVl4OWiTR17e4MpanT0Xjr7sDjUc68diHMrdVku4vUxgqYBhNMwwtGq7luwowC62Y9k8s9b4ppXnmvCETM952RAZxwdUqpJ7WE62XLD76gRSvlZ373xq_CEK9uGJl910hu9Q~&sessionId=,https://www.zhipin.com/gongsi/da5469bd1e136ffe1nx73d64EFY~.html,安吉县
PLC调试工程师,重庆,电气设计工程师,大专,经验不限,"[""PLC\u5de5\u7a0b\u5e08"", ""\u7535\u63a7\u5de5\u7a0b\u5e08"", ""CAD"", ""eplan""]","[6000, 11000]",0薪,"[""\u5b9a\u671f\u4f53\u68c0\uff0c\u5e26\u85aa\u5e74\u5047\uff0c\u4f4f\u623f\u8865\u8d34\uff0c\u4e94\u9669\uff0c\u8282\u65e5\u798f\u5229""]",HR,赖女士HR,0,集成自动化,"https://img.bosszhipin.com/beijin/upload/com/workfeel/20210514/b46283ade070f26f677fe5a41a5c98bbe653fec29c97854febd215c1fb251cda.jpg?x-oss-process=image/resize,w_100,limit_0",仪器仪表/工业自动化,未融资,"[100, 499]",https://www.zhipin.com/job_detail/d6f2af00db76aa071nx729q1F1pW.html?lid=5enNtL9lp6a.search.212&securityId=eBTe6a-z7Iq9X-a1TPrjang3CiOox9Fj13_iLXXJS-8aB5WiMNBL04AOHOD8j5Oq5nM8qcnSgta5hbQLyxX4OzJZ-w4waXGAJTrxGbmtjYIRkwnTHjk~&sessionId=,https://www.zhipin.com/gongsi/da5469bd1e136ffe1nx73d64EFY~.html,渝北区
电子开发工程师,深圳,电气设计工程师,大专,经验不限,"[""c\u8bed\u8a00"", ""PCB"", ""\u5355\u7247\u673a""]","[13000, 20000]",0薪,"[""\u5305\u5403\uff0c\u5e74\u7ec8\u5956\uff0c\u96f6\u98df\u4e0b\u5348\u8336\uff0c\u5e26\u85aa\u5e74\u5047\uff0c\u4e94\u9669\u4e00\u91d1\uff0c\u80a1\u7968\u671f\u6743""]",研发部经理,李先生研发部经理,0,极光尔沃,"https://img.bosszhipin.com/beijin/upload/com/workfeel/20220719/7bf6f160950405e9f4380d0324442470bd78825083ac0d5ce0169de0f398b3764466df96d99aa8ea.jpg?x-oss-process=image/resize,w_100,limit_0",机械设备/机电/重工,已上市,"[100, 499]",https://www.zhipin.com/job_detail/c7288babfff86eae1XBy39u6EVNQ.html?lid=5enNtL9lp6a.search.213&securityId=dHTtWR7pNYObe-X1KFN1MBwREN_moFs0NfabwUQxw_oI5V7351mT-HCsGyoO42YECqlkYXHETao8tna3i-nS9af2Rzw5TgJ_vUExeAqKAPc3mI_0Og~~&sessionId=,https://www.zhipin.com/gongsi/da5469bd1e136ffe1nx73d64EFY~.html,龙华区
初级硬件工程师,惠州,电气设计工程师,本科,1-3年,"[""\u6c7d\u8f66\u786c\u4ef6\u4ea7\u54c1"", ""Altium Designer"", ""\u7535\u6c60/\u7535\u6e90\u7c7b\u4ea7\u54c1"", """", """", """", """", """"]","[10000, 15000]",14薪,"[""\u5e26\u85aa\u5e74\u5047\uff0c\u514d\u8d39\u73ed\u8f66\uff0c\u4e94\u9669\u4e00\u91d1\uff0c\u5b9a\u671f\u4f53\u68c0""]",HR,郑女士HR,0,德兰明海,"https://img.bosszhipin.com/beijin/mcs/banner/f8be281305d5ae66940109fd8c58eaeccfcd208495d565ef66e7dff9f98764da.png?x-oss-process=image/resize,w_100,limit_0",新能源,D轮及以上,"[1000, 9999]",https://www.zhipin.com/job_detail/0570d00fb377c7c91XZ629--ElVW.html?lid=5enNtL9lp6a.search.214&securityId=ZahPaAL0RYzcg-L1novprAeGMFtU1PQHbJr0KcxHsqP-L3d1IH31VSpxd9FnEy0Bw-D28H6WpcwvBmVL2wiZT3I8A2FeUUQJstZWy4LWKlRty-2S6C4~&sessionId=,https://www.zhipin.com/gongsi/da5469bd1e136ffe1nx73d64EFY~.html,惠阳区
plc调试工程师,上海,电气设计工程师,大专,3-5年,"[""PLC\u5de5\u7a0b\u5e08"", ""\u4eea\u5668\u4eea\u8868\u5de5\u7a0b\u5e08"", ""CAD"", ""eplan""]","[8000, 13000]",0薪,"[""\u9ad8\u6e29\u8865\u8d34\uff0c\u5e74\u7ec8\u5956\uff0c\u7ee9\u6548\u5956\u91d1\uff0c\u5458\u5de5\u65c5\u6e38\uff0c\u804c\u79f0\u8bc4\u5b9a\uff0c\u5b9a\u671f\u4f53\u68c0\uff0c\u5168\u52e4\u5956\uff0c\u4f18\u5148\u843d\u6237\u540d\u989d\uff0c\u9910\u8865\uff0c\u8282\u5047\u65e5\u52a0\u73ed\u8d39\uff0c\u8282\u65e5\u798f\u5229\uff0c\u901a\u8baf\u8865\u8d34\uff0c\u56e2\u5efa\u805a\u9910\uff0c\u4f4f\u623f\u8865\u8d34\uff0c\u5e95\u85aa\u52a0\u63d0\u6210\uff0c\u5e26\u85aa\u5e74\u5047\uff0c\u5305\u4f4f\uff0c\u80a1\u7968\u671f\u6743\uff0c\u610f\u5916\u9669\uff0c\u4e94\u9669\u4e00\u91d1""]",HR经理,吴女士HR经理,0,朴维自控,"https://img.bosszhipin.com/beijin/mcs/chatphoto/20180917/960243c1c3d6fa75cea92a79c08cc7e53ff2bccf1b1eb1a70241426b16720805.jpg?x-oss-process=image/resize,w_100,limit_0",仪器仪表/工业自动化,未融资,"[20, 99]",https://www.zhipin.com/job_detail/74cbe1b569bbd7aa1XJy2du0E1ZT.html?lid=5enNtL9lp6a.search.215&securityId=D5BQ0kxPbicnG-C1L97871Mq1Z40xaTH8hGpmaB8vZFYLxLRZNF3jl9CmZVZnNAuC7fKpX9Og_TK77xjJJRo_AV2vAv22uzgyfzeLBIMzslQKccjcvOcDv37mgOM8Qq8E6Bov9pc8bpty1vIHOydjiE~&sessionId=,https://www.zhipin.com/gongsi/da5469bd1e136ffe1nx73d64EFY~.html,闵行区
运行调试工程师,武汉,电气设计工程师,学历不限,经验不限,"[""\u673a\u68b0/\u673a\u7535\u8bbe\u5907"", ""\u8ba1\u7b97\u673a/\u901a\u4fe1\u76f8\u5173\u4e13\u4e1a"", ""\u673a\u68b0/\u7535\u5b50\u5de5\u7a0b\u76f8\u5173\u4e13\u4e1a"", """"]","[5000, 10000]",0薪,无,行政主管,梅女士行政主管,0,华瑞光联,"https://img.bosszhipin.com/beijin/mcs/chatphoto/20210225/a49d0abd0c1467ab9ad988435b2aa9c7da5827a1cf72f4b9abda5414a0a059cd_s.jpg?x-oss-process=image/resize,w_100,limit_0",电子/半导体/集成电路,未融资,"[20, 99]",https://www.zhipin.com/job_detail/6eb582339fe8d95a1XB80tu7GFtT.html?lid=5enNtL9lp6a.search.216&securityId=fpsleOeq-JxxO-21RApaluu3MHO1VE0LD6TlZqMkt1TWASU1KkDb4GG8AMNtWol87uLzM_fJK8qqPk2TVLgp5JyXxL66FQAXU8G_CuJYHcfnHql9VzAb&sessionId=,https://www.zhipin.com/gongsi/da5469bd1e136ffe1nx73d64EFY~.html,洪山区
OTA高级工程师,宁波,电气设计工程师,本科,5-10年,"[""OTA""]","[20000, 40000]",0薪,"[""\u4e94\u9669\u4e00\u91d1\uff0c\u5e74\u7ec8\u5956\uff0c\u901a\u8baf\u8865\u8d34\uff0c\u4f4f\u623f\u8865\u8d34\uff0c\u8865\u5145\u533b\u7597\u4fdd\u9669\uff0c\u9910\u8865\uff0c\u514d\u8d39\u73ed\u8f66\uff0c\u5b9a\u671f\u4f53\u68c0\uff0c\u5e26\u85aa\u5e74\u5047\uff0c\u8282\u65e5\u798f\u5229\uff0c\u5458\u5de5\u65c5\u6e38\uff0c\u4ea4\u901a\u8865\u52a9\uff0c\u5305\u5403\uff0c\u80a1\u7968\u671f\u6743\uff0c\u96f6\u98df\u4e0b\u5348\u8336\uff0c\u52a0\u73ed\u8865\u52a9""]",hr,金女士hr,0,吉利控股集团,"https://img.bosszhipin.com/beijin/mcs/banner/8d5be9361753e60ab2b1f4e59da3179acfcd208495d565ef66e7dff9f98764da.jpg?x-oss-process=image/resize,w_100,limit_0",汽车生产,已上市,"[0, 10000]",https://www.zhipin.com/job_detail/47b65c96b3cb23d51Xx70t67GVdT.html?lid=5enNtL9lp6a.search.217&securityId=-BFg_llixE2mL-v1aBxHsFL-m9EAVezWNe0b3TiG9CQXZ4xZD6cfYhIckyZ74zdK2nXwCvgoMxKEhhoCawjMsbceG0VU56QePlS7VGtTvHkixak1gTN0YKmWk4M2d0CYeVn5tuD1oVRbDd7Rb4E~&sessionId=,https://www.zhipin.com/gongsi/da5469bd1e136ffe1nx73d64EFY~.html,慈溪市
电控软件工程师,深圳,电气设计工程师,本科,3-5年,"[""\u7814\u7a76\u5bfc\u5411"", ""C/C++"", ""\u673a\u5668\u5b66\u4e60\u7b97\u6cd5/\u5de5\u7a0b\u5316\u7ecf\u9a8c""]","[15000, 25000]",0薪,"[""\u56e2\u5efa\u805a\u9910\uff0c\u8865\u5145\u533b\u7597\u4fdd\u9669\uff0c\u9ad8\u6e29\u8865\u8d34\uff0c\u610f\u5916\u9669\uff0c\u7ee9\u6548\u5956\u91d1\uff0c\u96f6\u98df\u4e0b\u5348\u8336\uff0c\u5b9a\u671f\u4f53\u68c0\uff0c\u5bbf\u820d\u6709\u7a7a\u8c03\uff0c\u5de5\u9f84\u5956\uff0c\u5e74\u7ec8\u5956\uff0c\u52a0\u73ed\u8865\u52a9\uff0c\u80a1\u7968\u671f\u6743\uff0c\u591c\u73ed\u8865\u52a9\uff0c\u4e94\u9669\u4e00\u91d1\uff0c\u5168\u52e4\u5956\uff0c\u5458\u5de5\u65c5\u6e38\uff0c\u5e26\u85aa\u5e74\u5047\uff0c\u8282\u65e5\u798f\u5229\uff0c\u514d\u8d39\u5de5\u88c5\uff0c\u514d\u8d39\u73ed\u8f66""]",HR,王先生HR,0,兆威机电,"https://img.bosszhipin.com/beijin/upload/com/workfeel/20220802/7bf6f160950405e9751d33b5f6f5ece64b4cf501ab6b3fad4d315c989504558dc92354a7780f8fc9.jpg?x-oss-process=image/resize,w_100,limit_0",机械设备/机电/重工,已上市,"[1000, 9999]",https://www.zhipin.com/job_detail/193256bcaf7dee5c1XJ72t27ElJU.html?lid=5enNtL9lp6a.search.218&securityId=TcGL_SDeNpbbb-c1UOYfjVTiyq2Sk15DaxbmHNp6UALuSyTyHzorOUUBlNtZhSDdFezAM5iN4RUaaS8ehiJ3Joz--na7k-AosHKhQHi0AZIox1fhqg~~&sessionId=,https://www.zhipin.com/gongsi/da5469bd1e136ffe1nx73d64EFY~.html,宝安区
上位机工程师,苏州,电气设计工程师,大专,1-3年,"[""C#"", ""MySQL"", ""SQL Server"", ""C#\u5f00\u53d1\u7ecf\u9a8c""]","[15000, 25000]",13薪,"[""\u4e94\u9669\u4e00\u91d1\uff0c\u6709\u65e0\u7ebf\u7f51\uff0c\u591c\u73ed\u8865\u52a9\uff0c\u5305\u4f4f\uff0c\u751f\u65e5\u798f\u5229\uff0c\u5e26\u85aa\u5e74\u5047\uff0c\u514d\u8d39\u5de5\u88c5\uff0c\u4ea4\u901a\u8865\u52a9\uff0c\u5458\u5de5\u65c5\u6e38\uff0c\u8282\u5047\u65e5\u52a0\u73ed\u8d39\uff0c\u5bbf\u820d\u6709\u7a7a\u8c03\uff0c\u7ee9\u6548\u5956\u91d1\uff0c\u8865\u5145\u533b\u7597\u4fdd\u9669\uff0c\u901a\u8baf\u8865\u8d34\uff0c\u5e74\u7ec8\u5956\uff0c\u8282\u65e5\u798f\u5229\uff0c\u4f4f\u623f\u8865\u8d34\uff0c\u5b9a\u671f\u4f53\u68c0\uff0c\u52a0\u73ed\u8865\u52a9""]",HR,邓女士HR,0,昆山三智达,"https://c-res.zhipin.com/jrs/2_29ed81ac01e3d40e8c554724f2f79e49.jpg?x-oss-process=image/resize,w_100,limit_0",仪器仪表/工业自动化,未融资,"[100, 499]",https://www.zhipin.com/job_detail/830d8321ef8ed2861XF50tm8E1FQ.html?lid=5enNtL9lp6a.search.219&securityId=QPbXO1vMm2wrz-h1hBYFUYjpz6zQZkgu5ZLlV7kJrLIT5EQBtQSEz4gVPtUtygzrSpIY6Mm0BZCwtVCvm5gBne6wUbtXCS3QfoS_c12KXVtuRlKVLW3FtQnJzC9zXpETChDva--a8r36YEjGx-XXYrQ~&sessionId=,https://www.zhipin.com/gongsi/da5469bd1e136ffe1nx73d64EFY~.html,昆山市
工业机器人工程师,上海,电气设计工程师,大专,经验不限,"[""PLC\u5de5\u7a0b\u5e08"", ""\u7535\u673a\u5de5\u7a0b\u5e08"", ""CAD"", ""CATIA"", ""\u7535\u8def\u8bbe\u8ba1""]","[4000, 9000]",13薪,"[""\u4e94\u9669\u4e00\u91d1\uff0c\u8865\u5145\u533b\u7597\u4fdd\u9669\uff0c\u5b9a\u671f\u4f53\u68c0\uff0c\u5e26\u85aa\u5e74\u5047\uff0c\u9910\u8865\uff0c\u8282\u65e5\u798f\u5229\uff0c\u5e74\u7ec8\u5956\uff0c\u5305\u5403\uff0c\u96f6\u98df\u4e0b\u5348\u8336\uff0c\u5458\u5de5\u65c5\u6e38""]",招聘者,周先生招聘者,0,上海寇文,"https://img.bosszhipin.com/beijin/icon/894ce6fa7e58d64d57e7f22d2f3a9d18afa7fcceaa24b8ea28f56f1bb14732c0.png?x-oss-process=image/resize,w_100,limit_0",仪器仪表/工业自动化,未融资,"[0, 20]",https://www.zhipin.com/job_detail/be0f45d975eedf611nB82NS0E1ZT.html?lid=5enNtL9lp6a.search.220&securityId=E0ykjTVECPI1a-P1_mHR71WGnbFFuxSEXzggNVm_U2UKPxqr3SeKQQ-fYF1FK2o3IUdkafOZHCmi5M8ehgjQy_rxx0GbfDCCvY3BoVAV-wkv7XdyA9v5oVYouU6B1rC6BBWQGC67CCdSevu6A9INNcG_&sessionId=,https://www.zhipin.com/gongsi/da5469bd1e136ffe1nx73d64EFY~.html,浦东新区
工业机器人工程师,郑州,电气设计工程师,大专,1-3年,"[""CAD""]","[6000, 10000]",0薪,"[""\u9910\u8865\uff0c\u5e26\u85aa\u5e74\u5047\uff0c\u5b9a\u671f\u4f53\u68c0\uff0c\u5e74\u7ec8\u5956\uff0c\u901a\u8baf\u8865\u8d34\uff0c\u8282\u65e5\u798f\u5229\uff0c\u5458\u5de5\u65c5\u6e38\uff0c\u4ea4\u901a\u8865\u52a9\uff0c\u5168\u52e4\u5956\uff0c\u52a0\u73ed\u8865\u52a9\uff0c\u4e94\u9669\u4e00\u91d1\uff0c\u96f6\u98df\u4e0b\u5348\u8336""]",总经理/技术总监,左先生总经理/技术总监,0,华灏机电,"https://img.bosszhipin.com/beijin/icon/894ce6fa7e58d64d57e7f22d2f3a9d18afa7fcceaa24b8ea28f56f1bb14732c0.png?x-oss-process=image/resize,w_100,limit_0",机械设备/机电/重工,未融资,"[20, 99]",https://www.zhipin.com/job_detail/ffa9f1f59a344d6b1XZ-29m6GFtT.html?lid=5enNtL9lp6a.search.221&securityId=CoXFIPbxCzRhk-X1BlSCliYGEnTM4OtTxvOplXI9S88MADYlbhtwcssFpM5gwNr6m1ZfsAHkZTxiR62oCuXgfJJx2TdZpit77RCDc7uo2xz1lyS3KPiJ&sessionId=,https://www.zhipin.com/gongsi/da5469bd1e136ffe1nx73d64EFY~.html,
科研仪器助理工程师,济南,电气设计工程师,本科,经验不限,"[""Python"", ""SolidWorks"", ""PLC\u7f16\u7a0b"", ""\u673a\u68b0\u8bbe\u8ba1\u5236\u9020\u76f8\u5173\u4e13\u4e1a"", """", """", """", """"]","[4000, 6000]",0薪,"[""\u4ea4\u901a\u8865\u52a9\uff0c\u9910\u8865\uff0c\u5e74\u7ec8\u5956\uff0c\u5e26\u85aa\u5e74\u5047\uff0c\u4e94\u9669\u4e00\u91d1\uff0c\u901a\u8baf\u8865\u8d34\uff0c\u96f6\u98df\u4e0b\u5348\u8336""]",人力资源,唐女士人力资源,0,艾锐斯科技,"https://img.bosszhipin.com/beijin/app/mobile/normal-0e3f1e4441a21d4874cece3a3d81f0fe.png?x-oss-process=image/resize,w_100,limit_0",仪器仪表/工业自动化,不需要融资,"[0, 20]",https://www.zhipin.com/job_detail/a250b8d57fb7bf8e1XN-09u0E1pW.html?lid=5enNtL9lp6a.search.222&securityId=LY-qzXpmacRn4-j13LMY406CPRfjwHGAp0UB8kNlX6vZhzLJYqDQ8jfsQaYWAacGwpWn7V4bC4Sch5TW8wE1WOUBSV_WYiCa6WfgqN0glGPUZSaRug~~&sessionId=,https://www.zhipin.com/gongsi/da5469bd1e136ffe1nx73d64EFY~.html,历城区
电子工程师,中山,电气设计工程师,大专,1-3年,"[""\u5355\u7247\u673a\u5f00\u53d1"", ""\u7535\u8def\u8bbe\u8ba1""]","[10000, 15000]",0薪,"[""\u52a0\u73ed\u8865\u52a9\uff0c\u901a\u8baf\u8865\u8d34\uff0c\u5458\u5de5\u65c5\u6e38\uff0c\u9910\u8865\uff0c\u96f6\u98df\u4e0b\u5348\u8336\uff0c\u8282\u65e5\u798f\u5229\uff0c\u4f4f\u623f\u8865\u8d34\uff0c\u4e94\u9669\u4e00\u91d1\uff0c\u5e26\u85aa\u5e74\u5047\uff0c\u5168\u52e4\u5956\uff0c\u5e74\u7ec8\u5956\uff0c\u5305\u5403""]",招聘专员,何女士招聘专员,0,广东华美骏达电器,"https://img.bosszhipin.com/beijin/upload/com/workfeel/20210923/7bf6f160950405e91d63981f3e83ba3904bbbe1ace86d7815f18fdd53cf416fbfd5c5f676adb3682.jpg?x-oss-process=image/resize,w_100,limit_0",原材料及加工/模具,不需要融资,"[0, 10000]",https://www.zhipin.com/job_detail/be4138ffde70af731XF-3tS7E1FU.html?lid=5enNtL9lp6a.search.223&securityId=wzZQpVl2xyP4K-71isFucMhUSQxfdUI4FfUZml-399xJJkFlyGvBcn0TJvUhqY-K-P8t_Pf3SBlTx2E8CbPYGUpOJu9SoATrHto4-P0AX_Eh_VIICwQ~&sessionId=,https://www.zhipin.com/gongsi/da5469bd1e136ffe1nx73d64EFY~.html,东凤镇
电子工程师,济宁,电气设计工程师,本科,1-3年,"[""\u5355\u7247\u673a\u5f00\u53d1"", ""PCB\u8bbe\u8ba1"", ""EMC\u6d4b\u8bd5""]","[8000, 12000]",0薪,"[""\u8282\u65e5\u798f\u5229\uff0c\u5b9a\u671f\u4f53\u68c0\uff0c\u901a\u8baf\u8865\u8d34\uff0c\u5e26\u85aa\u5e74\u5047\uff0c\u5e74\u7ec8\u5956\uff0c\u52a0\u73ed\u8865\u52a9\uff0c\u96f6\u98df\u4e0b\u5348\u8336\uff0c\u4e94\u9669\u4e00\u91d1\uff0c\u4ea4\u901a\u8865\u52a9""]",人事经理,邵女士人事经理,0,济宁德卡医疗,"https://img.bosszhipin.com/beijin/upload/com/logo/20200406/a23ec14f358179b9f9a75f3a6d28bb00add994e17727d44124c23bd5dcac32e0.jpg?x-oss-process=image/resize,w_100,limit_0",医疗设备/器械,不需要融资,"[20, 99]",https://www.zhipin.com/job_detail/1f3024572321a70d1XZ53ty_FFdX.html?lid=5enNtL9lp6a.search.224&securityId=rAKp9glBY41g8-n1X4yua9YNJYDE7mAuXzS493aVN0-mmScCNZ5p3bIfLB6tzCUbDvv7CGEkW_KmPjaC4xBarTeoB-Qc_X3q3O_8mgB01fHf4suldQ~~&sessionId=,https://www.zhipin.com/gongsi/da5469bd1e136ffe1nx73d64EFY~.html,任城区
光伏工程师,东莞,电气设计工程师,本科,1-3年,"[""\u5149\u4f0f"", ""\u5149\u4f0f\u5de5\u7a0b\u5e08""]","[12000, 18000]",0薪,"[""\u5e26\u85aa\u5e74\u5047\uff0c\u7ee9\u6548\u5956\u91d1\uff0c\u5e74\u7ec8\u5956\uff0c\u56e2\u5efa\u805a\u9910\uff0c\u5305\u5403\uff0c\u9ad8\u6e29\u8865\u8d34\uff0c\u5458\u5de5\u65c5\u6e38""]",行政,容女士行政,0,广东莞建机电有限公司,"https://img.bosszhipin.com/beijin/app/mobile/normal-0e3f1e4441a21d4874cece3a3d81f0fe.png?x-oss-process=image/resize,w_100,limit_0",新能源,未融资,"[20, 99]",https://www.zhipin.com/job_detail/05ad18a1306358d71Xd80tS9FFFU.html?lid=5enNtL9lp6a.search.225&securityId=F1FI7KGEjJLvh-D15ZjO7mzRLUc9buVJ5PU9uiN7StmdDZpp3dCXdyBiC4qfyUlRlSguwZUOEiItnlwendDGmNJK6LoeEDymU_mOLcrpvx6nlOYkrKc~&sessionId=,https://www.zhipin.com/gongsi/da5469bd1e136ffe1nx73d64EFY~.html,寮步镇
电子工程师,石家庄,电气设计工程师,本科,3-5年,"[""\u4eea\u5668\u4eea\u8868""]","[6000, 10000]",0薪,"[""\u5de5\u9f84\u5956\uff0c\u9910\u8865\uff0c\u5e26\u85aa\u5e74\u5047\uff0c\u5168\u52e4\u5956\uff0c\u4e94\u9669\u4e00\u91d1\uff0c\u7ee9\u6548\u5956\u91d1\uff0c\u610f\u5916\u9669\uff0c\u4fdd\u5e95\u5de5\u8d44\uff0c\u8282\u65e5\u798f\u5229""]",人事经理,庞女士人事经理,0,德润厚天科技股份,"https://img.bosszhipin.com/beijin/icon/894ce6fa7e58d64d57e7f22d2f3a9d18afa7fcceaa24b8ea28f56f1bb14732c0.png?x-oss-process=image/resize,w_100,limit_0",仪器仪表/工业自动化,未融资,"[100, 499]",https://www.zhipin.com/job_detail/0e67ee9fc27221601nN73Nu6FlJU.html?lid=5enNtL9lp6a.search.226&securityId=NNCkaKpVEoNT--_19mHu9cb-cQd7ty1pGBEVcgULThtIsmTBQ0vICZtpN4kTE3pUxpIv-f3WquEH3RiYMtFOPaELbdl1LH15d556Ppfk5X1HSIV31tk1&sessionId=,https://www.zhipin.com/gongsi/da5469bd1e136ffe1nx73d64EFY~.html,裕华区
硬件工程师,济宁,电气设计工程师,本科,3-5年,"[""\u673a\u68b0\u8bbe\u8ba1\u5236\u9020\u76f8\u5173\u4e13\u4e1a"", ""\u7535\u5b50\u7535\u6c14/\u81ea\u52a8\u5316\u76f8\u5173\u4e13\u4e1a"", """", """"]","[8000, 12000]",0薪,无,人事经理,王女士人事经理,0,新风光,"https://img.bosszhipin.com/beijin/icon/894ce6fa7e58d64d57e7f22d2f3a9d18afa7fcceaa24b8ea28f56f1bb14732c0.png?x-oss-process=image/resize,w_100,limit_0",新能源,未融资,"[500, 999]",https://www.zhipin.com/job_detail/a7d9a381fbc3c7d81XVy0tW-EFZT.html?lid=5enNtL9lp6a.search.227&securityId=VRfl-dcw0p3SQ-81Xjoe9K1gocSQbTCRBeMOULodCjAokUbBq7S-7qjOhzA7RjSoyoc0bx5e2BT8Fg59HV59maolfzURw94TlsC_oU9Kys6UM0hSijOQ&sessionId=,https://www.zhipin.com/gongsi/da5469bd1e136ffe1nx73d64EFY~.html,汶上县
开关电源工程师,北京,电气设计工程师,本科,3-5年,"[""\u7535\u8def\u8bbe\u8ba1"", ""\u793a\u6ce2\u5668"", ""\u4fe1\u53f7\u53d1\u751f\u5668"", ""Altium Designer"", ""Verilog"", """"]","[15000, 25000]",0薪,"[""\u514d\u8d39\u73ed\u8f66\uff0c\u4e94\u9669\u4e00\u91d1\uff0c\u5e26\u85aa\u5e74\u5047\uff0c\u8282\u65e5\u798f\u5229\uff0c\u5168\u52e4\u5956\uff0c\u5b9a\u671f\u4f53\u68c0\uff0c\u5e74\u7ec8\u5956\uff0c\u4ea4\u901a\u8865\u52a9\uff0c\u52a0\u73ed\u8865\u52a9\uff0c\u8865\u5145\u533b\u7597\u4fdd\u9669\uff0c\u901a\u8baf\u8865\u8d34\uff0c\u4f01\u4e1a\u5e74\u91d1\uff0c\u9910\u8865\uff0c\u80a1\u7968\u671f\u6743""]",控制工程师,周先生控制工程师,0,华创微电子,"https://img.bosszhipin.com/beijin/mcs/chatphoto/20170412/7914d3c50d10368af3734c05787f7d8a167cb07afb8123788f1ba28578e72134.jpg?x-oss-process=image/resize,w_100,limit_0",其他行业,已上市,"[1000, 9999]",https://www.zhipin.com/job_detail/70d87e345914d2891XRz0ti9F1dX.html?lid=5enNtL9lp6a.search.228&securityId=r8pQwGlWh8QHG-71dQ6vSelR2dFFtmD-Qb87Gr967Zodv2qluTmAI1A8lAcKU2YqfmQASl4ObN2d4g5KiSRWHFBWsFYs3bn7q9SQWANjgWtXl31R&sessionId=,https://www.zhipin.com/gongsi/da5469bd1e136ffe1nx73d64EFY~.html,大兴区
智能穿戴工程师,武汉,电气设计工程师,本科,5-10年,"[""\u667a\u80fd\u786c\u4ef6/\u53ef\u7a7f\u6234\u8bbe\u5907"", ""\u786c\u4ef6\u5f00\u53d1\u7ecf\u9a8c""]","[10000, 15000]",0薪,"[""\u56e2\u5efa\u805a\u9910\uff0c\u5e74\u7ec8\u5956\uff0c\u610f\u5916\u9669\uff0c\u96f6\u98df\u4e0b\u5348\u8336\uff0c\u8282\u65e5\u798f\u5229\uff0c\u5305\u5403\uff0c\u5e26\u85aa\u5e74\u5047\uff0c\u5b9a\u671f\u4f53\u68c0\uff0c\u4f4f\u623f\u8865\u8d34\uff0c\u4e94\u9669\u4e00\u91d1""]",HRM,杨先生HRM,0,易睿德,"https://img.bosszhipin.com/beijin/icon/894ce6fa7e58d64d57e7f22d2f3a9d18afa7fcceaa24b8ea28f56f1bb14732c0.png?x-oss-process=image/resize,w_100,limit_0",智能硬件,未融资,"[20, 99]",https://www.zhipin.com/job_detail/f570f744f3dc51e51XB73t27ElpW.html?lid=5enNtL9lp6a.search.229&securityId=phov3OBZA1dAa-y1piPBPeEfLMBxh9xDNd6qRjsTNSgYCUBS5Wb-tiPH_FmvvmFm6KIe2kurhO5YpCDgeCwgUgDZd0lSODClH66Rf6fGYYUi1thI_Co~&sessionId=,https://www.zhipin.com/gongsi/da5469bd1e136ffe1nx73d64EFY~.html,江夏区
BIM机电工程师,广州,电气设计工程师,大专,3-5年,"[""\u516c\u5171\u5efa\u7b51""]","[6000, 11000]",0薪,"[""\u56e2\u5efa\u805a\u9910\uff0c\u4fdd\u5e95\u5de5\u8d44""]",人事,周女士人事,0,卓力创消防工程,"https://img.bosszhipin.com/beijin/icon/894ce6fa7e58d64d57e7f22d2f3a9d18afa7fcceaa24b8ea28f56f1bb14732c0.png?x-oss-process=image/resize,w_100,limit_0",工程施工,未融资,"[20, 99]",https://www.zhipin.com/job_detail/2af86f5b63a9ffd11n1_09-1FFtW.html?lid=5enNtL9lp6a.search.230&securityId=9nGcuU43XH3Ko-e10EX41CcBEwTs-fEvuprIAtviAeUiCPXMcYD1FuPJGYkeKcJfjkYFAAiLAKyb438XOMXFlS6OD-bugZl6OpuU425tV6xHSZdV2Ms~&sessionId=,https://www.zhipin.com/gongsi/da5469bd1e136ffe1nx73d64EFY~.html,海珠区
自控项目工程师,惠州,电气设计工程师,大专,3-5年,"[""PLC\u5de5\u7a0b\u5e08"", ""\u7535\u63a7\u5de5\u7a0b\u5e08""]","[8000, 13000]",0薪,"[""\u4f4f\u623f\u8865\u8d34\uff0c\u8282\u65e5\u798f\u5229\uff0c\u4ea4\u901a\u8865\u52a9\uff0c\u901a\u8baf\u8865\u8d34\uff0c\u4e94\u9669\u4e00\u91d1\uff0c\u5e26\u85aa\u5e74\u5047\uff0c\u9910\u8865\uff0c\u5e74\u7ec8\u5956\uff0c\u80a1\u7968\u671f\u6743\uff0c\u514d\u8d39\u73ed\u8f66\uff0c\u52a0\u73ed\u8865\u52a9\uff0c\u5458\u5de5\u65c5\u6e38""]",人事专员,杨女士人事专员,0,建磊科技,"https://img.bosszhipin.com/beijin/upload/com/logo/20200813/fccd0476287050155c097ec3f8453d2f6e638c963044ecf11d6043ac8790b155.png?x-oss-process=image/resize,w_100,limit_0",仪器仪表/工业自动化,A轮,"[20, 99]",https://www.zhipin.com/job_detail/90cf3ee8c831a1591nJy3925EFRX.html?lid=5enNtL9lp6a.search.231&securityId=kBGl8FAmpIvUD-G10WcM0c8yFtmAi06ESzdzt5rCCZQiKkIydEuBbEx52m0ZIcpdQ_I268PCU3QEmMhtVtNLXRenKy_7I93dWaPKxQPbChOqg71YUZY~&sessionId=,https://www.zhipin.com/gongsi/da5469bd1e136ffe1nx73d64EFY~.html,惠城区
质检工程师,广州,电气设计工程师,本科,1-3年,"[""\u82f1\u8bed\u56db\u7ea7"", ""\u751f\u4ea7\u8d28\u91cf\u7ba1\u7406"", ""\u82f1\u6587\u6d41\u5229""]","[9000, 12000]",13薪,"[""\u5b9a\u671f\u4f53\u68c0\uff0c\u4ea4\u901a\u8865\u52a9\uff0c\u8865\u5145\u533b\u7597\u4fdd\u9669\uff0c\u52a0\u73ed\u8865\u52a9\uff0c\u5e74\u7ec8\u5956\uff0c\u8282\u65e5\u798f\u5229\uff0c\u4e94\u9669\u4e00\u91d1\uff0c\u5e74\u7ec8\u53cc\u85aa\uff0c\u901a\u8baf\u8865\u8d34\uff0c\u5305\u5403\uff0c\u5e26\u85aa\u5e74\u5047""]",人事专员,陈女士人事专员,0,SEW传动广州,"https://img.bosszhipin.com/beijin/upload/com/logo/20190829/552c8f02a4ab75954532f9ea013a295bc7830b20ac26bca4c39ac15f44a50703.jpg?x-oss-process=image/resize,w_100,limit_0",机械设备/机电/重工,不需要融资,"[0, 10000]",https://www.zhipin.com/job_detail/198ea8db35da61121XZ52NS5E1RT.html?lid=5enNtL9lp6a.search.232&securityId=-meJS4JmsnXmG-Z1Ryd18i8vpyLbFifP7OjlGoGEY7vo1mQogPIsMjNFmfXEaigDtj7KR9ICS5v6itSUQYRxPUTGJ8nXMFr3dPZHsAV4c2NyOI12vA~~&sessionId=,https://www.zhipin.com/gongsi/da5469bd1e136ffe1nx73d64EFY~.html,黄埔区
plc工程师,苏州,电气设计工程师,本科,3-5年,"[""PLC\u5de5\u7a0b\u5e08""]","[12000, 20000]",0薪,"[""\u5e26\u85aa\u5e74\u5047\uff0c\u5b9a\u671f\u4f53\u68c0\uff0c\u5458\u5de5\u65c5\u6e38\uff0c\u9910\u8865\uff0c\u5e74\u7ec8\u5956\uff0c\u4e94\u9669\u4e00\u91d1\uff0c\u8282\u65e5\u798f\u5229\uff0c\u901a\u8baf\u8865\u8d34""]",HR,周女士HR,0,金蚂蚁国创,"https://img.bosszhipin.com/beijin/mcs/chatphoto/20180104/9d4546a3f4851f8e494517c54abe3944679bf3987faf3d10d5f65151d9c736af.jpg?x-oss-process=image/resize,w_100,limit_0",汽车生产,已上市,"[100, 499]",https://www.zhipin.com/job_detail/eea2f3d76362366e1Xx-3N2_E1pT.html?lid=5enNtL9lp6a.search.233&securityId=u19g0I50JukKC-e1az6_wIIWrqC1KZyQLovdUFn_fo3yHerdpvg-Z0lxP-_yfCQTe6ZhHcVplEW9o6n-5dqSzuyzv6ORfyAPIFpLsoJEmNgs2RumtWw~&sessionId=,https://www.zhipin.com/gongsi/da5469bd1e136ffe1nx73d64EFY~.html,吴中区
结构工程师,武汉,电气设计工程师,本科,3-5年,"[""\u673a\u68b0 \u7ed3\u6784""]","[8000, 12000]",0薪,无,人事主管,刘女士人事主管,0,光谷光联网,"https://img.bosszhipin.com/beijin/app/mobile/normal-0e3f1e4441a21d4874cece3a3d81f0fe.png?x-oss-process=image/resize,w_100,limit_0",通信/网络设备,未融资,"[0, 20]",https://www.zhipin.com/job_detail/95e49bcffb5b374a1XNy09-4GFdQ.html?lid=5enNtL9lp6a.search.234&securityId=riJTqtiad1Q9x-v1aOxDnW3MGX7cJezJPU6SyPaX2ejOr-Wx_5deZLf-RGVZImJ991oTkGeKG7EtdKI3j13Ey0nZYUvRLOAK-gPu6YczBquYU1bs&sessionId=,https://www.zhipin.com/gongsi/da5469bd1e136ffe1nx73d64EFY~.html,江夏区
电器工程师,廊坊,电气设计工程师,本科,经验不限,"[""C\u8bed\u8a00"", ""C++"", ""Verilog"", ""\u5355\u7247\u673a\u5f00\u53d1"", ""FPGA\u5f00\u53d1"", ""PCB\u8bbe\u8ba1"", """", """"]","[11000, 18000]",0薪,无,招聘者,杨先生招聘者,0,德迈康品牌设计,"https://img.bosszhipin.com/beijin/icon/894ce6fa7e58d64d57e7f22d2f3a9d18afa7fcceaa24b8ea28f56f1bb14732c0.png?x-oss-process=image/resize,w_100,limit_0",其他专业服务,未融资,"[0, 20]",https://www.zhipin.com/job_detail/67f19acfcbb61b3f1XF_2961FlBX.html?lid=5enNtL9lp6a.search.235&securityId=zMlOOji2GPWRC-M1aEyqkk3GzUr1SR72Au3IMCy4LVK-8PJGrX22ul7Bq-OXy7ax3p1DIgbiQEBGcXF_gfl2H4PZ8YIMgrzHS9rC7jEezn376Pa1jciX&sessionId=,https://www.zhipin.com/gongsi/da5469bd1e136ffe1nx73d64EFY~.html,三河市
电源工程师,常德,电气设计工程师,本科,1-3年,"[""PCB\u8bbe\u8ba1"", ""\u7535\u8def\u8bbe\u8ba1"", ""\u7535\u5b50\u5143\u5668\u4ef6\u5de5\u7a0b\u5e08"", ""AD""]","[10000, 15000]",0薪,"[""\u7ed3\u5a5a\u793c\u91d1\uff0c\u6625\u8282\u5e26\u85aa\u5047\uff0c\u8d2d\u4e70\u4e94\u9669\uff0c\u5e26\u85aa\u5e74\u5047\uff0c\u6cd5\u5b9a\u8282\u5047\u65e5\uff0c\u5b9a\u671f\u4f53\u68c0""]",人事,蔡女士人事,0,迪文科技,"https://img.bosszhipin.com/beijin/mcs/chatphoto/20180314/1461deebaa32ba7ed3d960afab5ff60c1f92b7fff25c7a2947a7952067951173.jpg?x-oss-process=image/resize,w_100,limit_0",企业服务,不需要融资,"[1000, 9999]",https://www.zhipin.com/job_detail/2ce7ab1ff655a9991XFy3N68FlFT.html?lid=5enNtL9lp6a.search.236&securityId=S9KB4Kvjb0CgV-c1NPpbH5bSHXZWqRMkEcBbbhJ_OxC0KCAi9NF6_f-BdALylBlq4qcsRj-uqeG8S0SbbEdnGIJNd_7tVOPMRwRrF_YXDCr80OeoLVG3ENDHcJs3S0460hRZQEUPC4cFXtrw0UARidQ~&sessionId=,https://www.zhipin.com/gongsi/da5469bd1e136ffe1nx73d64EFY~.html,
高级工程师,天津,电气设计工程师,本科,3-5年,"[""PCB\u8bbe\u8ba1"", ""FPGA\u5f00\u53d1"", ""DSP\u5f00\u53d1"", ""EMC\u8bbe\u8ba1"", ""Layout\u8bbe\u8ba1"", """", """", """"]","[6000, 11000]",24薪,"[""\u9910\u8865\uff0c\u5e74\u7ec8\u5956\uff0c\u8282\u65e5\u798f\u5229\uff0c\u4e94\u9669\u4e00\u91d1\uff0c\u5e26\u85aa\u5e74\u5047\uff0c\u5458\u5de5\u65c5\u6e38""]",行政人事专员,史女士行政人事专员,0,omux,"https://img.bosszhipin.com/beijin/mcs/chatphoto/20210415/84ef5e85c7d525d783ed8e77be30e764ae2b9809ff63a51cfee834760e28d458_s.jpg?x-oss-process=image/resize,w_100,limit_0",通信/网络设备,不需要融资,"[20, 99]",https://www.zhipin.com/job_detail/5be29ab036346ffb1nd639y-EVNX.html?lid=5enNtL9lp6a.search.237&securityId=07VqkX5qMVk9c-I12jOv-_n5moEl6T2N9Qksn6My1gmo421W32Rp2Y4GdWeyG1V-0pZWINvYk7eKBgGv4Iqle9p8-UGOhPLSG4-O24-kPHN5EqxfwpT_&sessionId=,https://www.zhipin.com/gongsi/da5469bd1e136ffe1nx73d64EFY~.html,南开区
应用软件开发工程师,广州,电气设计工程师,本科,5-10年,"[""C++"", ""Linux"", ""Android"", ""\u89c6\u89c9\u56fe\u50cf\u7b97\u6cd5""]","[15000, 30000]",15薪,"[""\u4e94\u9669\u4e00\u91d1\uff0c\u5e26\u85aa\u5e74\u5047\uff0c\u96f6\u98df\u4e0b\u5348\u8336\uff0c\u5e74\u7ec8\u5956\uff0c\u8282\u65e5\u798f\u5229\uff0c\u5e78\u798f\u8ba1\u5212\uff0c\u9910\u8865\uff0c\u5458\u5de5\u65c5\u6e38\uff0c\u5b9a\u671f\u4f53\u68c0\uff0c\u52a0\u73ed\u8865\u52a9""]",HR,马先生HR,0,碧桂园,"https://img.bosszhipin.com/beijin/upload/com/logo/20200318/fe418cfcd07b043876ed31b39ecb405cacdc5173b04463d91f4b0644d2c45b5d.png?x-oss-process=image/resize,w_100,limit_0",房地产开发,不需要融资,"[100, 499]",https://www.zhipin.com/job_detail/7e075aae3b400a441nRz3t26E1FU.html?lid=5enNtL9lp6a.search.238&securityId=pS0M1ycaa4P7R-i1OqPc4yknu3QlctuMJQBO7kGH9Hikr9dzeqKIH5ZOtji04aYEvUK0VxPy0G1F_EjuZ4pWSlkvxj-rDf50FiJJP21pQZLSvACnBA~~&sessionId=,https://www.zhipin.com/gongsi/da5469bd1e136ffe1nx73d64EFY~.html,
汽车电子电器工程师,湖州,电气设计工程师,本科,1-3年,"[""\u4fe1\u606f\u5a31\u4e50\u7cfb\u7edf\u5f00\u53d1"", ""CATIA""]","[12000, 18000]",13薪,"[""\u4e94\u9669\u4e00\u91d1\uff0c\u8865\u5145\u533b\u7597\u4fdd\u9669\uff0c\u5458\u5de5\u65c5\u6e38\uff0c\u5168\u52e4\u5956\uff0c\u9910\u8865\uff0c\u52a0\u73ed\u8865\u52a9\uff0c\u4f4f\u623f\u8865\u8d34\uff0c\u5e74\u7ec8\u5956\uff0c\u514d\u8d39\u73ed\u8f66\uff0c\u8282\u65e5\u798f\u5229""]",HR,徐先生HR,0,吉利长兴,"https://img.bosszhipin.com/beijin/upload/com/workfeel/20210605/3fac6b5cb375ec97e8115d7ecf07160a43134b0d8c164985b7f9379bdcb53271.jpg?x-oss-process=image/resize,w_100,limit_0",汽车生产,已上市,"[1000, 9999]",https://www.zhipin.com/job_detail/ed070141f70fbe5e1nJ82tW-FlJU.html?lid=5enNtL9lp6a.search.239&securityId=yHLuIf3PE4sgi-j1bH_qoqQrpL67xMFPgWPyL7Nz7c8fvo-hlAprtUdZMP5CGW5smoEJrZN6sZ3lWlcEgj6rRYDP35_usW7_JjvkcYtBUfoPula-3Q~~&sessionId=,https://www.zhipin.com/gongsi/da5469bd1e136ffe1nx73d64EFY~.html,长兴县
售前技术支持工程师,北京,电气设计工程师,本科,1-3年,"[""\u7535\u529b\u4ea7\u54c1"", ""\u80fd\u6e90/\u7535\u529b\u76f8\u5173\u4e13\u4e1a"", ""\u56fd\u7f51\u5ba2\u6237""]","[10000, 15000]",15薪,"[""\u80a1\u7968\u671f\u6743\uff0c\u901a\u8baf\u8865\u8d34\uff0c\u56e2\u5efa\u805a\u9910\uff0c\u5e26\u85aa\u5e74\u5047\uff0c\u5e74\u7ec8\u5956\uff0c\u5b9a\u671f\u4f53\u68c0\uff0c\u9910\u8865\uff0c\u8282\u65e5\u798f\u5229\uff0c\u610f\u5916\u9669\uff0c\u4e94\u9669\u4e00\u91d1""]",招聘专员,李女士招聘专员,0,映翰通,"https://img.bosszhipin.com/beijin/upload/com/logo/20200305/6a6abbcea519cf2371cacb1dba290aa3ef86977bfa87dfabf74e4b1f2ea32358.png?x-oss-process=image/resize,w_100,limit_0",智能硬件,已上市,"[100, 499]",https://www.zhipin.com/job_detail/3e7e166c71b041881XN_2t-7GVdT.html?lid=5enNtL9lp6a.search.240&securityId=uDkZjIxMzNeR_-D15ShJxKW98SJud_gwPNgz4QwbrGi6bZu9J_cO9ljG_8gp0yJoQFq6p28EhCiMaKwJfbAlAScL3MgOOLbnS8fVjc5zOzEU8-wD&sessionId=,https://www.zhipin.com/gongsi/da5469bd1e136ffe1nx73d64EFY~.html,朝阳区
嵌入式硬件工程师,北京,电气设计工程师,本科,3-5年,"[""\u8ba1\u7b97\u673a\u76f8\u5173\u4e13\u4e1a"", ""\u7535\u6c14\u7535\u6c14/\u81ea\u52a8\u5316\u76f8\u5173\u4e13\u4e1a"", """"]","[18000, 28000]",0薪,无,招聘者,刘女士招聘者,0,中船海神,"https://img.bosszhipin.com/beijin/upload/com/workfeel/20210601/084237564a983a7964630249668b9cce09a496fd6edeb496e8ed4feb24f599c6.jpg?x-oss-process=image/resize,w_100,limit_0",医疗设备/器械,未融资,"[100, 499]",https://www.zhipin.com/job_detail/dfd26dd62deae5511XF-2N69EFdX.html?lid=5eozgLDpCvT.search.241&securityId=DgE6VANRkghHy-O12Rcgmt5VVfkx5scoQru3i7uF11y2f8Wx9u8nDySpW_EI5pX8wbZWJQmpxeYIJGJgVDU3PQG7Gij6giz15QP_6t3cDaOXIMuiIIs~&sessionId=,https://www.zhipin.com/gongsi/b918d113d7a2a7e11nZ439-6F1I~.html,石景山区
售前技术支持工程师,济南,电气设计工程师,本科,1-3年,"[""\u7cfb\u7edf\u96c6\u6210"", ""\u8ba1\u7b97\u673a/\u901a\u4fe1\u76f8\u5173\u4e13\u4e1a"", ""\u552e\u524d\u6280\u672f\u652f\u6301\u7ecf\u9a8c"", """"]","[5000, 10000]",0薪,"[""\u901a\u8baf\u8865\u8d34\uff0c\u8282\u65e5\u798f\u5229\uff0c\u5e74\u7ec8\u5956\uff0c\u9910\u8865\uff0c\u4ea4\u901a\u8865\u52a9\uff0c\u4e94\u9669\u4e00\u91d1\uff0c\u5458\u5de5\u65c5\u6e38""]",招聘HR,王女士招聘HR,0,济南英华,"https://img.bosszhipin.com/beijin/upload/com/workfeel/20230211/7bf6f160950405e99be17c36538a4fffe919d568cd74570b50830031e2f4875a9b1dda82eeb76f84.jpg?x-oss-process=image/resize,w_100,limit_0",通信/网络设备,未融资,"[20, 99]",https://www.zhipin.com/job_detail/ba3c250ea3fda9901XN829q6FlBX.html?lid=5eozgLDpCvT.search.242&securityId=MNudEEl2utEZi-01E0ExCl9HykFUSIOqr-I3J9XyuVylIoob0Zfz6Lpthr5g6z1lmG19PJFzk6BxMpA-5rs1eSSMqEaYZpbJ3t3Z0GdvOWHYHPpBl2g~&sessionId=,https://www.zhipin.com/gongsi/b918d113d7a2a7e11nZ439-6F1I~.html,历下区
技术工程师（配电箱）,太原,电气设计工程师,大专,3-5年,"[""\u4ea7\u54c1\u8bbe\u8ba1\u4e0e\u4f18\u5316"", ""\u6210\u5957\u7535\u529b\u8bbe\u5907\u9009\u6750"", ""\u6280\u672f\u4ea4\u5e95""]","[7000, 12000]",0薪,"[""\u5305\u5403\uff0c\u4f4f\u5bbf""]",人资经理,冯女士人资经理,0,国网合盛,"https://img.bosszhipin.com/beijin/app/mobile/normal-0e3f1e4441a21d4874cece3a3d81f0fe.png?x-oss-process=image/resize,w_100,limit_0",原材料及加工/模具,未融资,"[20, 99]",https://www.zhipin.com/job_detail/f6940d446a49a36b1Xdy3N28EFpW.html?lid=5eozgLDpCvT.search.243&securityId=2m-lT9dqd36Xv-71FioZsEEPwY8lXn43upEs0itch9XQK2wrOQdap1GgT_qrX3GEgTrRLnMXM4gLrStRitfDEYOapXS1JbxvO1aBN1UyyUtHZLRlu48~&sessionId=,https://www.zhipin.com/gongsi/b918d113d7a2a7e11nZ439-6F1I~.html,万柏林区
电力电子研发工程师,东莞,电气设计工程师,本科,5-10年,"[""\u7535\u6c60/\u7535\u6e90\u7c7b\u4ea7\u54c1"", ""\u6c7d\u8f66\u786c\u4ef6\u4ea7\u54c1"", ""\u786c\u4ef6\u5f00\u53d1\u7ecf\u9a8c"", """", """"]","[30000, 60000]",15薪,"[""\u5458\u5de5\u65c5\u6e38\uff0c\u80a1\u7968\u671f\u6743\uff0c\u5e74\u7ec8\u5956\uff0c\u4e94\u9669\u4e00\u91d1\uff0c\u52a0\u73ed\u8865\u52a9\uff0c\u8282\u65e5\u798f\u5229\uff0c\u5b9a\u671f\u4f53\u68c0\uff0c\u8865\u5145\u533b\u7597\u4fdd\u9669""]",硬件工程师,马先生硬件工程师,0,西安华为,"https://img.bosszhipin.com/beijin/mcs/chatphoto/20180315/bd89a07c42e66e6ad270e3a5317c2b5ffaa3a410030cb71b0566e9dd7d5ab56c.jpg?x-oss-process=image/resize,w_100,limit_0",通信/网络设备,未融资,"[0, 10000]",https://www.zhipin.com/job_detail/afb609ef677e1e4e1Xx42t64FFFX.html?lid=5eozgLDpCvT.search.244&securityId=85gVYWb1jSFwY-I13nWo9crUPv4o05kpmY1nFFIp3T802z0Ep4p7GFjx0q_c_2V__yup57bIRE3VU2sBDqiInyDS0iY0T2B0bnjgJDWgG7a_EeMo&sessionId=,https://www.zhipin.com/gongsi/b918d113d7a2a7e11nZ439-6F1I~.html,
线束原理工程师,上海,电气设计工程师,本科,经验不限,"[""\u7ebf\u675f\u539f\u7406\u8bbe\u8ba1""]","[15000, 25000]",15薪,"[""\u80a1\u7968\u671f\u6743\uff0c\u5e74\u7ec8\u5956\uff0c\u8fd0\u52a8\u4f11\u95f2\u8bbe\u5907\uff0c\u5e26\u85aa\u5e74\u5047\uff0c\u96f6\u98df\u4e0b\u5348\u8336\uff0c\u5305\u5403\uff0c\u4e94\u9669\u4e00\u91d1\uff0c\u514d\u8d39\u4f4f\u5bbf\uff0c\u751f\u65e5\u798f\u5229\uff0c\u514d\u8d39\u73ed\u8f66\uff0c\u5458\u5de5\u65c5\u6e38\uff0c\u56e2\u5efa\u805a\u9910\uff0c\u5305\u4f4f\uff0c\u4ea4\u901a\u8865\u52a9\uff0c\u8282\u65e5\u798f\u5229\uff0c\u9ad8\u65b0\u843d\u6237\u653f\u7b56\uff0c\u9910\u8865""]",招聘者,王先生招聘者,0,易咖智车,"https://img.bosszhipin.com/beijin/upload/com/logo/20211015/7b5b554d84f9729c6ada730dc5fa050c72d207e8eb18f75fa314ce2ebaf23388424eee6057e178f7.jpg?x-oss-process=image/resize,w_100,limit_0",智能硬件,A轮,"[100, 499]",https://www.zhipin.com/job_detail/70c0fdf94f591def1XZ63d61EFdQ.html?lid=5eozgLDpCvT.search.245&securityId=PBKlUbLV1RnnN-w1C81DBD4SKn420zGLoeSWfZ5yp9j26AkapMWF_-OIkhO9v5qyi3CVZN_moo39z77cWshpebiUvi60vkWkhZ8e52SkGhMn4_L7hvM~&sessionId=,https://www.zhipin.com/gongsi/b918d113d7a2a7e11nZ439-6F1I~.html,嘉定区
软件开发工程师,上海,电气设计工程师,本科,1年以内,"[""\u673a\u68b0\u8bbe\u8ba1\u5236\u9020\u76f8\u5173\u4e13\u4e1a"", ""\u7535\u6c14\u7535\u6c14/\u81ea\u52a8\u5316\u76f8\u5173\u4e13\u4e1a"", """", """", """", """", """", """"]","[9000, 12000]",0薪,"[""\u8bf7\u5047\u81ea\u7531\uff0c\u7ee9\u6548\u5956\u91d1\uff0c\u8282\u65e5\u798f\u5229\uff0c\u5458\u5de5\u65c5\u6e38\uff0c\u5e74\u7ec8\u5956\uff0c\u9910\u8865\uff0c\u4e0d\u6253\u5361\uff0c\u4e0d\u5199\u62a5\u544a\uff0c\u80a1\u7968\u671f\u6743\uff0c\u4e94\u9669\u4e00\u91d1\uff0c\u4e94\u9669\u4e00\u91d1\uff0c\u5e26\u85aa\u5e74\u5047\uff0c\u610f\u5916\u9669\uff0c\u5305\u5403\uff0c\u4f53\u68c0\uff0c\u96f6\u98df\u4e0b\u5348\u8336\uff0c\u5496\u5561\u81ea\u7531\uff0c\u4fdd\u5e95\u5de5\u8d44\uff0c\u4f4f\u623f\u8865\u8d34\uff0c\u5e95\u85aa\u52a0\u63d0\u6210""]",HR,彭女士HR,0,安沛动力,"https://img.bosszhipin.com/beijin/mcs/chatphoto/20171117/fc081dcaddcad47d8f897829035c2eb752b21dfd31cc3ae2585bfc7f99cfd285.jpg?x-oss-process=image/resize,w_100,limit_0",汽车生产,A轮,"[20, 99]",https://www.zhipin.com/job_detail/2d40c7978014e0b11Hx43ty6E1Y~.html?lid=5eozgLDpCvT.search.246&securityId=43JJ1ClhCsmZD-S19Omrem8IxgWr-oGw7pqhExrs1XUlTjtHqp_TwwJgRviLJtbxuoJABSKD8dMs9bfADEIB4E6J1bTqkzvtiUKtp-J0b54YRnxf&sessionId=,https://www.zhipin.com/gongsi/b918d113d7a2a7e11nZ439-6F1I~.html,闵行区
无人船艇结构工程师,广州,电气设计工程师,本科,3-5年,"[""\u673a\u68b0\u3001\u7535\u5b50""]","[12000, 20000]",0薪,"[""\u8282\u65e5\u798f\u5229\uff0c\u514d\u8d39\u73ed\u8f66\uff0c\u4f4f\u623f\u8865\u8d34\uff0c\u80a1\u7968\u671f\u6743\uff0c\u5e74\u7ec8\u5956\uff0c\u5e26\u85aa\u5e74\u5047\uff0c\u9910\u8865\uff0c\u5b9a\u671f\u4f53\u68c0\uff0c\u52a0\u73ed\u8865\u52a9\uff0c\u4e94\u9669\u4e00\u91d1\uff0c\u901a\u8baf\u8865\u8d34""]",HR总监,苏女士HR总监,0,海兰信,"https://img.bosszhipin.com/beijin/upload/com/workfeel/20221009/7bf6f160950405e980e3f4f0bfcf0d2387c01ae29997f7a22088e1a24a32397be320476f0b0cf95f.jpg?x-oss-process=image/resize,w_100,limit_0",通信/网络设备,已上市,"[500, 999]",https://www.zhipin.com/job_detail/dd7e9eca104278ca1Xxy2dq5GVFT.html?lid=5eozgLDpCvT.search.247&securityId=FyUmXYv1LpoAR-G183zu1bSquWd49eeZfhIC4coDlLwb4WDll5ftlTVthA7LI7DV_s4v35GQ4cwORbkHTHspx53Vja4P-ivRRimTNnh2Y1sN7Qjy&sessionId=,https://www.zhipin.com/gongsi/b918d113d7a2a7e11nZ439-6F1I~.html,黄埔区
测试开发工程师,北京,电气设计工程师,本科,5-10年,"[""\u529f\u80fd\u6d4b\u8bd5"", ""\u6027\u80fd\u6d4b\u8bd5"", ""\u81ea\u52a8\u5316\u6d4b\u8bd5"", ""Java"", ""Python"", ""Jira"", """", """", """", """"]","[25000, 45000]",15薪,"[""\u6cd5\u5b9a\u8282\u5047\u65e5\u4e09\u85aa\uff0c\u751f\u65e5\u798f\u5229\uff0c\u514d\u8d39\u73ed\u8f66\uff0c\u7ee9\u6548\u5956\u91d1\uff0c\u5e26\u85aa\u5e74\u5047\uff0c\u514d\u8d39\u5de5\u88c5\uff0c\u5458\u5de5\u65c5\u6e38\uff0c\u96f6\u98df\u4e0b\u5348\u8336\uff0c\u5b9a\u671f\u4f53\u68c0\uff0c\u6709\u65e0\u7ebf\u7f51\uff0c\u8865\u5145\u533b\u7597\u4fdd\u9669\uff0c\u5e74\u7ec8\u5956\uff0c\u8282\u65e5\u798f\u5229\uff0c\u4e94\u9669\u4e00\u91d1\uff0c\u56e2\u5efa\u805a\u9910\uff0c\u4ea4\u901a\u8865\u52a9\uff0c\u80a1\u7968\u671f\u6743""]",测试工程师,刘女士测试工程师,0,集度,"https://img.bosszhipin.com/beijin/upload/com/logo/20230203/7b5b554d84f9729c3138e0d6749796e5e16ae944508ce4b9dc013d4efdd06237a18afab5a57809fb.jpg?x-oss-process=image/resize,w_100,limit_0",互联网,A轮,"[1000, 9999]",https://www.zhipin.com/job_detail/28e4af104e04fa601XJy29i-ElJR.html?lid=5eozgLDpCvT.search.248&securityId=CZnhxLMsNGBMq-S1Yf_lRbs5YlXwwqE3Yx-LwmMYjobeCH3vG7pRKHjUNqNzsaIDAdRi4akArmYVoGGLWCT_r830t5f6GTqSwnzHrxtaqV2qEU6yeFU~&sessionId=,https://www.zhipin.com/gongsi/b918d113d7a2a7e11nZ439-6F1I~.html,朝阳区
控制算法工程师（应用软件工程师）,广州,电气设计工程师,本科,1-3年,"[""C/C++"", ""MATLAB"", ""\u667a\u80fd\u9a7e\u9a76"", ""\u7535\u673a\u63a7\u5236"", ""simulink/stateflow"", """"]","[15000, 30000]",13薪,无,行政财务专员,林女士行政财务专员,0,广东舆芯半导体科技,"https://img.bosszhipin.com/beijin/upload/com/workfeel/20230221/7bf6f160950405e94d0c2dd1a4cd02fe6c1e65de0ea3c9ab697a1fd901863f051bbfe11130575d8e.jpg?x-oss-process=image/resize,w_100,limit_0",电子/半导体/集成电路,未融资,"[20, 99]",https://www.zhipin.com/job_detail/eda5bacf885edbe61XJy3tm9FVNX.html?lid=5eozgLDpCvT.search.249&securityId=Er-xnYYXiavxc-L1FI8Nd4Q2NlAHKdkEC4nv-cVBUq97Da_lEpb__p0ZKnVtWybpmlF9cv9vuous-lh95jwiPOaF-1JpNxkdTu6B2pPMnjJLgpDRwos~&sessionId=,https://www.zhipin.com/gongsi/b918d113d7a2a7e11nZ439-6F1I~.html,黄埔区
电能质量分析仪研发工程师,广州,电气设计工程师,本科,3-5年,"[""C++"", ""Linux""]","[11000, 20000]",0薪,"[""\u4e94\u9669\u4e00\u91d1\uff0c\u5b9a\u671f\u4f53\u68c0\uff0c\u5e26\u85aa\u5e74\u5047\uff0c\u4ea4\u901a\u8865\u52a9\uff0c\u8282\u65e5\u798f\u5229\uff0c\u9910\u8865""]",HR,王女士HR,0,高谱技术,"https://img.bosszhipin.com/beijin/mcs/chatphoto/20200730/7dcdf90cff976408dc54c06c89f85655d1d57b1b217776e11607bf93429f552d_s.jpg?x-oss-process=image/resize,w_100,limit_0",互联网,未融资,"[100, 499]",https://www.zhipin.com/job_detail/abe3dba9e71cede81XB_09-0ElZQ.html?lid=5eozgLDpCvT.search.250&securityId=1yUJ1pC8vCNCW-51xpb2Hjb9gE2GmDV_-_Cdn_vRKzV_vk9EUZJtBxIX6k4cZuNqvkXCmjp5gTjctKNYXM6QCXJNB5eK4_vMYeoRk4qXIqv9ZFk9aA~~&sessionId=,https://www.zhipin.com/gongsi/b918d113d7a2a7e11nZ439-6F1I~.html,黄埔区
电子工程师,珠海,电气设计工程师,大专,5-10年,"[""PCB\u8bbe\u8ba1"", ""\u7535\u8def\u8bbe\u8ba1"", ""\u5355\u7247\u673a\u5f00\u53d1""]","[7000, 12000]",0薪,"[""\u7ee9\u6548\u5956\u91d1\uff0c\u4f4f\u623f\u8865\u8d34\uff0c\u9910\u8865\uff0c\u4e94\u9669\u4e00\u91d1\uff0c\u8865\u5145\u533b\u7597\u4fdd\u9669\uff0c\u5b9a\u671f\u4f53\u68c0\uff0c\u96f6\u98df\u4e0b\u5348\u8336\uff0c\u5e74\u7ec8\u5956\uff0c\u901a\u8baf\u8865\u8d34\uff0c\u5458\u5de5\u65c5\u6e38\uff0c\u5e26\u85aa\u5e74\u5047\uff0c\u5305\u5403\uff0c\u5de5\u9f84\u5956\uff0c\u80a1\u7968\u671f\u6743\uff0c\u56e2\u5efa\u805a\u9910\uff0c\u52a0\u73ed\u8865\u52a9\uff0c\u8282\u65e5\u798f\u5229\uff0c\u514d\u8d39\u5de5\u88c5\uff0c\u5168\u52e4\u5956\uff0c\u4ea4\u901a\u8865\u52a9""]",人事行政经理,赵女士人事行政经理,0,吉世鑫,"https://img.bosszhipin.com/beijin/mcs/chatphoto/20190308/3ce8d276ac2f996fd0b75cf763de80e664f4a59d1debd145b72f131613c343f0.jpg?x-oss-process=image/resize,w_100,limit_0",仪器仪表/工业自动化,未融资,"[20, 99]",https://www.zhipin.com/job_detail/c83f75d44b6d67261XN709u_FFNU.html?lid=5eozgLDpCvT.search.251&securityId=rgcJGfAxUNfgc-Z1pD0QIjkUdrFZVN_t2pTO52Xlm5g_xEajq0nIkFIXvG8YUP9-aWpt3Vzjw98zSXcmpk6AqlhH71V_sZTQUZaNtanhQ_NXA5kW4w~~&sessionId=,https://www.zhipin.com/gongsi/b918d113d7a2a7e11nZ439-6F1I~.html,斗门区
储能工程师,芜湖,电气设计工程师,大专,3-5年,"[""\u80fd\u6e90\u4fe1\u606f\u5316\u9879\u76ee"", ""\u80fd\u6e90/\u7535\u529b\u76f8\u5173\u4e13\u4e1a"", ""\u552e\u524d\u6280\u672f\u652f\u6301\u7ecf\u9a8c""]","[12000, 18000]",0薪,"[""\u5b66\u5386\u8865\u8d34\uff0c\u4e94\u9669\u4e00\u91d1\uff0c\u514d\u8d39\u73ed\u8f66\uff0c\u5e26\u85aa\u5e74\u5047\uff0c\u52a0\u73ed\u8865\u52a9\uff0c\u4f4f\u623f\u8865\u8d34\uff0c\u8282\u65e5\u798f\u5229\uff0c\u5e74\u7ec8\u5956\uff0c\u5305\u5403""]",招聘主管,陶女士招聘主管,0,佑赛科技,"https://img.bosszhipin.com/beijin/mcs/chatphoto/20190222/9afcd04984c452d2e7329d2215bcd2be074faaa8494f6ef69bc48f03554ed66e_s.jpg?x-oss-process=image/resize,w_100,limit_0",仪器仪表/工业自动化,未融资,"[20, 99]",https://www.zhipin.com/job_detail/a75b2bcec0f217911XJy2t2_GFNU.html?lid=5eozgLDpCvT.search.252&securityId=BWLQ8DzV9nWy5-N1yBSbx9GudFoaX-I5JBBJmz8zgoVdhHWKD4jUw7RdWeaYPAk9f2e7BTwPHXPFHdcpQS3DDQh_wwoT4Bkung9S4muwJsH2s70lgA~~&sessionId=,https://www.zhipin.com/gongsi/b918d113d7a2a7e11nZ439-6F1I~.html,鸠江区
软件工程师,深圳,电气设计工程师,本科,1-3年,"[""C++"", ""QT"", ""\u89c6\u89c9\u56fe\u50cf\u7b97\u6cd5"", ""\u81ea\u52a8\u5316"", ""\u591a\u7ebf\u7a0b"", ""\u8f6f\u4ef6\u5de5\u7a0b\u5e08"", """", """"]","[10000, 15000]",0薪,"[""\u4e94\u9669\u4e00\u91d1\uff0c\u5e74\u7ec8\u5956\uff0c\u5b9a\u671f\u4f53\u68c0\uff0c\u5e26\u85aa\u5e74\u5047\uff0c\u5458\u5de5\u65c5\u6e38\uff0c\u96f6\u98df\u4e0b\u5348\u8336\uff0c\u8282\u65e5\u798f\u5229""]",HR,罗女士HR,0,海德盟数控,"https://img.bosszhipin.com/beijin/upload/com/workfeel/20230129/7bf6f160950405e9a3860e4f48daafa329978a598ced0bc52dad1a5ffa64dd7eb5769959ee690f38.jpg?x-oss-process=image/resize,w_100,limit_0",仪器仪表/工业自动化,不需要融资,"[20, 99]",https://www.zhipin.com/job_detail/1ae9c34879eb835033Fy2dq_EFY~.html?lid=5eozgLDpCvT.search.253&securityId=EHVuzgWQDLD9N-h1ulRmtQg45ves_j0y8Ep8sjoBFb7Mnk-qmDshk0VLXg8dY3TKOfLSVaV7FlPaiBT7LZ569AFEuh0Syia7qxoQmjoB786IiOyl&sessionId=,https://www.zhipin.com/gongsi/b918d113d7a2a7e11nZ439-6F1I~.html,宝安区
软件工程师,中山,电气设计工程师,本科,3-5年,"[""C/C++"", ""MCU\u786c\u4ef6"", ""Simulink""]","[9000, 12000]",13薪,"[""\u5b9a\u671f\u4f53\u68c0\uff0c\u8282\u65e5\u798f\u5229\uff0c\u5e26\u85aa\u5e74\u5047\uff0c\u9910\u8865""]",招聘专员,曾女士招聘专员,0,TCL空调,"https://img.bosszhipin.com/beijin/mcs/chatphoto/20160523/ccd0c2efa3d1a759a8ddbeb4fe5316cfa913d92db28697eac97819731866a743.jpg?x-oss-process=image/resize,w_100,limit_0",其他行业,不需要融资,"[0, 10000]",https://www.zhipin.com/job_detail/65e4e5792357f5061XR82ty0GVJQ.html?lid=5eozgLDpCvT.search.254&securityId=9Ar1dLGNr7EVX-d1K7R3GUiJTr0S7n-UE1TC029hTe9uO7wqbzfg86DRPAxjrE2uGQ7MsCLae3iqvFGJP6Cp4RiJEDri-P2SM5pLQB-HgGq-08lK&sessionId=,https://www.zhipin.com/gongsi/b918d113d7a2a7e11nZ439-6F1I~.html,
bim工程师,青岛,电气设计工程师,大专,1-3年,"[""\u53ef\u89c6\u5316"", ""\u6838\u5fc3\u5efa\u6a21"", ""Revit"", ""BIM\u5b9e\u64cd\u7ecf\u9a8c""]","[6000, 11000]",0薪,"[""\u5e26\u85aa\u5e74\u5047\uff0c\u4e94\u9669\u4e00\u91d1\uff0c\u5e74\u7ec8\u5956\uff0c\u8865\u5145\u533b\u7597\u4fdd\u9669\uff0c\u5458\u5de5\u65c5\u6e38""]",部门经理,王先生部门经理,0,魔方BIM,"https://img.bosszhipin.com/beijin/app/mobile/normal-0e3f1e4441a21d4874cece3a3d81f0fe.png?x-oss-process=image/resize,w_100,limit_0",工程施工,未融资,"[20, 99]",https://www.zhipin.com/job_detail/98f5a4be169c86e31XJ43dm_FFNU.html?lid=5eozgLDpCvT.search.255&securityId=P0WnCkxMxBLA--o1LXgChLW-OSXUpWweSS9CRLwj7FGzEo8ETNL4aOWaTDuAS2DSa-T3zlnsoLm1lwpI2f_di9Wdigs8YUONxySjQ4oHCX-NNcgqJA~~&sessionId=,https://www.zhipin.com/gongsi/b918d113d7a2a7e11nZ439-6F1I~.html,黄岛区
硬件工程师,苏州,电气设计工程师,本科,经验不限,"[""\u667a\u80fd\u786c\u4ef6/\u53ef\u7a7f\u6234\u8bbe\u5907""]","[12000, 18000]",13薪,"[""\u5b9a\u671f\u4f53\u68c0\uff0c\u5458\u5de5\u65c5\u6e38\uff0c\u5e26\u85aa\u5e74\u5047\uff0c\u8282\u65e5\u798f\u5229\uff0c\u96f6\u98df\u4e0b\u5348\u8336\uff0c\u8865\u5145\u533b\u7597\u4fdd\u9669\uff0c\u52a0\u73ed\u8865\u52a9\uff0c\u9910\u8865\uff0c\u5e74\u7ec8\u5956\uff0c\u4e94\u9669\u4e00\u91d1""]",HR,汪女士HR,0,通桥医疗科技,"https://img.bosszhipin.com/beijin/upload/com/logo/20220218/7b5b554d84f9729c76ef8609dfa7e029abe6959c6853ff6be10a1d80ac8fb76f4f19081a8757ef6f.png?x-oss-process=image/resize,w_100,limit_0",医疗设备/器械,已上市,"[100, 499]",https://www.zhipin.com/job_detail/05ce12b62fa9fe271XFy3tS9EFpW.html?lid=5eozgLDpCvT.search.256&securityId=-eq1yhNgUFVVQ-h1CLy-dtWtGYPDqjPDzG8oAZHMrzlrOzGdSk19ra6uJu8qkiSpfwH3EZ4LMTVHNZxE62WYdARmm1gg5eKwJYc2v8aVAv5MA3GdUsLd&sessionId=,https://www.zhipin.com/gongsi/b918d113d7a2a7e11nZ439-6F1I~.html,虎丘区
弱电工程师,青岛,电气设计工程师,本科,3-5年,"[""\u5f31\u7535\u5de5\u7a0b\u5e08"", ""\u5efa\u7b51\u65bd\u5de5\u73b0\u573a\u7ba1\u7406"", ""\u5de5\u7a0b\u8d44\u6599\u5458"", ""CAD"", """"]","[4000, 7000]",0薪,无,人事经理,曲先生人事经理,0,拓锐科技,"https://img.bosszhipin.com/beijin/icon/894ce6fa7e58d64d57e7f22d2f3a9d18afa7fcceaa24b8ea28f56f1bb14732c0.png?x-oss-process=image/resize,w_100,limit_0",工程施工,未融资,"[20, 99]",https://www.zhipin.com/job_detail/9d381120f14c9e5533R73ti7EFY~.html?lid=5eozgLDpCvT.search.257&securityId=UUwBJ5e0hdXVG-h1brTvOWoxHEyW2g9CissTUab4u34iolQB-k6EZ0Hn3g1EjpjmzX67jdgJ7lHc2ij9J4ecAe-crmbFaViRELV6on2-Y_OxgTnWnA~~&sessionId=,https://www.zhipin.com/gongsi/b918d113d7a2a7e11nZ439-6F1I~.html,崂山区
电子工程师,苏州,电气设计工程师,本科,1-3年,"[""PCB\u8bbe\u8ba1"", ""\u7535\u5b50\u5143\u5668\u4ef6\u5de5\u7a0b\u5e08"", ""Altium Designer""]","[6000, 11000]",0薪,"[""\u8865\u5145\u533b\u7597\u4fdd\u9669\uff0c\u4e94\u9669\u4e00\u91d1\uff0c\u5e26\u85aa\u5e74\u5047\uff0c\u8282\u65e5\u798f\u5229\uff0c\u9910\u8865\uff0c\u5458\u5de5\u65c5\u6e38""]",财务经理,梁先生财务经理,0,苏州海泰斯,"https://img.bosszhipin.com/beijin/upload/com/logo/20210922/7b5b554d84f9729c93acee2f484c413f7ea4679b230521c98cb9ec4a8f64eae55e3c23e4633b8547.png?x-oss-process=image/resize,w_100,limit_0",电子/半导体/集成电路,未融资,"[20, 99]",https://www.zhipin.com/job_detail/18bd7c562c36c4971XR_39q-F1JX.html?lid=5eozgLDpCvT.search.258&securityId=FOPlb16Dzcpnq--1W-KAVpOemwMTomv72fkNoNAIxGSh13KlusjhHdvNxOvwgV6_-uMdBkJcYe-n3x5SQY8S1KH2xaelIMv85fb5mbh3RHacii-Yo8DQT-_PN-xszxgGQLiS8pmi4urhqHvMM3Tk7s-O&sessionId=,https://www.zhipin.com/gongsi/b918d113d7a2a7e11nZ439-6F1I~.html,吴江区
DSP&FPGA工程师,天津,电气设计工程师,硕士,1-3年,"[""DSP\u5f00\u53d1"", ""\u7535\u8def\u8bbe\u8ba1"", ""\u5355\u7247\u673a\u5f00\u53d1"", ""\u9a71\u52a8\u5f00\u53d1"", """", """", """", """"]","[11000, 16000]",0薪,"[""\u5168\u52e4\u5956\uff0c\u4e94\u9669\u4e00\u91d1\uff0c\u5e74\u7ec8\u5956\uff0c\u5305\u5403\uff0c\u4ea4\u901a\u8865\u52a9\uff0c\u5e26\u85aa\u5e74\u5047\uff0c\u8282\u65e5\u798f\u5229\uff0c\u5b9a\u671f\u4f53\u68c0\uff0c\u52a0\u73ed\u8865\u52a9""]",招聘者,滑女士招聘者,0,航天安通,"https://img.bosszhipin.com/beijin/upload/com/logo/20191212/3f7a27e400900a626ac2b9cdcfd3a25136c975adef2960d8d42e1e3b5a24019d.jpg?x-oss-process=image/resize,w_100,limit_0",计算机硬件,不需要融资,"[20, 99]",https://www.zhipin.com/job_detail/71e63021fd6795f81nN43966FVRX.html?lid=5eozgLDpCvT.search.259&securityId=ogZHEUBZUmyMy-L1hLh02EdwFAmD_rfpTYAKE4WBjv1Vd69R0DJQfWP8AcH3lyunwYRIuVuqmHT3vaXIHm2-poDsUX_8lomiuXzbuXz1ttJTDDKqyg~~&sessionId=,https://www.zhipin.com/gongsi/b918d113d7a2a7e11nZ439-6F1I~.html,北辰区
项管工程师,珠海,电气设计工程师,大专,1-3年,"[""\u4e8c\u7ea7\u5efa\u9020\u5e08"", ""\u667a\u80fd\u5efa\u7b51"", ""\u5546\u4e1a\u5730\u4ea7"", ""\u4f4f\u5b85\u5730\u4ea7"", ""\u4e00\u7ea7\u5efa\u9020\u5e08""]","[7000, 8000]",0薪,"[""\u8282\u65e5\u798f\u5229\uff0c\u5e74\u7ec8\u5956\uff0c\u5e26\u85aa\u5e74\u5047\uff0c\u4e94\u9669\u4e00\u91d1\uff0c\u5458\u5de5\u65c5\u6e38""]",行政财务主管,黎女士行政财务主管,0,广东宏义,"https://img.bosszhipin.com/beijin/mcs/chatphoto/20190922/ff0a77d38a2f42bb3a02fa39168853de030dbf84a75d86079f141863540ba661_s.jpg?x-oss-process=image/resize,w_100,limit_0",工程施工,不需要融资,"[100, 499]",https://www.zhipin.com/job_detail/17ce92e78ca9b2611XV63Ni7GVdT.html?lid=5eozgLDpCvT.search.260&securityId=Qd-efrvlQvRtG-A1s-H8VSsKCoZ0djzoEFoqw-T0DKiQM9NYlSHxlIx_FZcFw4XxKZ9uOO-n4dBB8MO0VzBSDARn0rA6tXsjvx-JhXnQFn85Zxyr9g~~&sessionId=,https://www.zhipin.com/gongsi/b918d113d7a2a7e11nZ439-6F1I~.html,香洲区
机器人控制算法工程师,西安,电气设计工程师,硕士,3-5年,"[""\u5d4c\u5165\u5f0f\u6280\u672f"", ""\u8fd0\u52a8\u63a7\u5236\u7b97\u6cd5""]","[20000, 40000]",13薪,"[""\u52a0\u73ed\u8865\u52a9\uff0c\u5168\u52e4\u5956\uff0c\u4e94\u9669\u4e00\u91d1\uff0c\u96f6\u98df\u4e0b\u5348\u8336\uff0c\u8282\u65e5\u798f\u5229\uff0c\u5458\u5de5\u65c5\u6e38\uff0c\u80a1\u7968\u671f\u6743\uff0c\u5e26\u85aa\u5e74\u5047\uff0c\u9910\u8865\uff0c\u9ad8\u6e29\u5047\u671f\uff0c\u5e74\u7ec8\u5956\uff0c\u5b9a\u671f\u4f53\u68c0\uff0c\u96f6\u98df\u4e0b\u5348\u8336""]",招聘者,惠女士招聘者,0,知象光电科技,"https://img.bosszhipin.com/beijin/upload/com/workfeel/20220808/7bf6f160950405e93d23191b2524125f51e98c86c45f52282c1636408b07071035c0933ed8ff8cac.jpg?x-oss-process=image/resize,w_100,limit_0",智能硬件,C轮,"[100, 499]",https://www.zhipin.com/job_detail/aa551707ff841d741nx80t65F1RT.html?lid=5eozgLDpCvT.search.261&securityId=pU58mJkgFfGLm-p1WuUUcHeXjNMm-Fg0aKP8EHdEzJYeVOClHCnZqD9o-yKKIYpKLtWb_8GOldssEIG1CrXxUgtmMRdVQhbY8RMJtVEcXqgafV63Im-gHFwvwEfuR5yPbn6n8wRKej8BI-vVmwP46Q~~&sessionId=,https://www.zhipin.com/gongsi/b918d113d7a2a7e11nZ439-6F1I~.html,雁塔区
电池储能检测认证工程师,南京,电气设计工程师,本科,1-3年,"[""\u4f01\u4e1a\u5185\u90e8\u5c97\u4f4d"", ""CCC/3C\u8ba4\u8bc1"", ""CQC\u8ba4\u8bc1"", ""\u5185\u5ba1\u5458\u8d44\u683c\u8bc1"", """"]","[10000, 15000]",0薪,"[""\u5e26\u85aa\u5e74\u5047\uff0c\u5b9a\u671f\u4f53\u68c0\uff0c\u8865\u5145\u533b\u7597\u4fdd\u9669\uff0c\u4e94\u9669\u4e00\u91d1""]",人资,于女士人资,0,北京创拓国际标准...,"https://img.bosszhipin.com/beijin/icon/894ce6fa7e58d64d57e7f22d2f3a9d18afa7fcceaa24b8ea28f56f1bb14732c0.png?x-oss-process=image/resize,w_100,limit_0",电力/热力/燃气/水利,未融资,"[100, 499]",https://www.zhipin.com/job_detail/0bf888c534d1cbed1XN52N20GFZX.html?lid=5eozgLDpCvT.search.262&securityId=irqJ0gdrwxzzy-11Y2Slq7Alc2-CUnuqr3ExqwHhkgRX-K44FzwNWzO55HN8Cht01irQGYZU1-4Sx9C95Xh1ljBafHsUJxemSdhKm27HS_WuQHML_C7M&sessionId=,https://www.zhipin.com/gongsi/b918d113d7a2a7e11nZ439-6F1I~.html,江宁区
嵌入式软件工程师,哈尔滨,电气设计工程师,本科,3-5年,"[""C++"", ""\u5d4c\u5165\u5f0f\u6280\u672f"", ""\u5d4c\u5165\u5f0f\u8f6f\u4ef6\u5f00\u53d1"", ""\u5355\u7247\u673a\u5f00\u53d1"", ""FPGA\u5f00\u53d1"", """", """"]","[15000, 25000]",14薪,"[""\u4e94\u9669\u4e00\u91d1\uff0c\u73ed\u8f66/\u4ea4\u8865\uff0c\u5b9a\u671f\u4f53\u68c0\uff0c\u5458\u5de5\u65c5\u6e38\uff0c\u514d\u8d39\u81ea\u52a9\u9910\uff0c\u5468\u672b\u53cc\u4f11\uff0c\u8282\u65e5\u798f\u5229\uff0c\u5e26\u85aa\u5e74\u5047""]",HR,梁女士HR,0,科佳股份,"https://img.bosszhipin.com/beijin/mcs/chatphoto/20190220/e0b6c1c1a4f43688418c809e3ad884f0cfcd208495d565ef66e7dff9f98764da.jpg?x-oss-process=image/resize,w_100,limit_0",计算机软件,不需要融资,"[100, 499]",https://www.zhipin.com/job_detail/47b4b58beeec064b1XZ62t69EVVW.html?lid=5eozgLDpCvT.search.263&securityId=eOJIsg1LFcWTC-e1SuwOehRgNoibuXCR_5KDn8Y6wDlqAYO3nDwGgA4q4zn-hdUnBb6T_af7OZCsgtFfH8dlSUQRLjf2eMEM9Ls4-o2WVc6ABIt7mg~~&sessionId=,https://www.zhipin.com/gongsi/b918d113d7a2a7e11nZ439-6F1I~.html,香坊区
嵌入式软件工程师,上海,电气设计工程师,本科,1-3年,"[""keill"", ""CCS"", ""DC-DC""]","[18000, 25000]",13薪,"[""\u4e94\u9669\u4e00\u91d1\uff0c\u8282\u65e5\u798f\u5229\uff0c\u96f6\u98df\u4e0b\u5348\u8336\uff0c\u8865\u5145\u533b\u7597\u4fdd\u9669\uff0c\u5b9a\u671f\u4f53\u68c0\uff0c\u751f\u65e5\u798f\u5229\uff0c\u7ee9\u6548\u5956\u91d1\uff0c\u56e2\u5efa\u805a\u9910\uff0c\u9910\u8865\uff0c\u5458\u5de5\u65c5\u6e38\uff0c\u5e26\u85aa\u5e74\u5047\uff0c\u610f\u5916\u9669\uff0c\u5e74\u7ec8\u5956""]",人事/行政,杨女士人事/行政,0,上海捷蒽迪电子科技,"https://img.bosszhipin.com/beijin/upload/com/workfeel/20220630/7bf6f160950405e92692625305d0c1d356c0e50327403c7c56a906eb081dc724ca3405ab517f2a4e.jpg?x-oss-process=image/resize,w_100,limit_0",电子/半导体/集成电路,A轮,"[100, 499]",https://www.zhipin.com/job_detail/9b71d755186bb0ca1Xx83dS9EFtT.html?lid=5eozgLDpCvT.search.264&securityId=qt6m4ig7Qqybu-z1V1nSQT6Ettejo293nfUKgOf29UY9WlCV_KeAYk1FySfIcOclOqrL6KJwpQoUqXWA66WvfLiA2U1QUJDsEZn7V0xFAWi7l5WuN_Q~&sessionId=,https://www.zhipin.com/gongsi/b918d113d7a2a7e11nZ439-6F1I~.html,浦东新区
包装机械工程师,天津,电气设计工程师,本科,5-10年,"[""CAD"", ""SolidWorks"", ""UG""]","[8000, 13000]",13薪,"[""\u96f6\u98df\u4e0b\u5348\u8336\uff0c\u5305\u5403\uff0c\u4e94\u9669\u4e00\u91d1\uff0c\u5e74\u7ec8\u5956\uff0c\u52a0\u73ed\u8865\u52a9\uff0c\u4ea4\u901a\u8865\u52a9\uff0c\u901a\u8baf\u8865\u8d34\uff0c\u8282\u65e5\u798f\u5229\uff0c\u5168\u52e4\u5956\uff0c\u63d0\u4f9b\u4f4f\u5bbf""]",招聘者,许先生招聘者,0,迈特威,"https://img.bosszhipin.com/beijin/mcs/chatphoto/20210326/5341e871e98741c7ca950b8e25e7f0f15a291f7a4669412e0934776cfc313a73_s.jpg?x-oss-process=image/resize,w_100,limit_0",印刷/包装/造纸,未融资,"[100, 499]",https://www.zhipin.com/job_detail/46170f818465d7da1nF_2ty-E1tT.html?lid=5eozgLDpCvT.search.265&securityId=ELxAxfhOtN9Lk-f1L6oliqKKmoZ4Pf6S17GW3xm2Ik8yHxSh2niQExxAHEnTjFufmaP5Y1AR-4v-GRpKDwxNJRHFtl9G-mXJ1J4PNeq9J8tTsutyl9jL&sessionId=,https://www.zhipin.com/gongsi/b918d113d7a2a7e11nZ439-6F1I~.html,
弱电招投标工程师,苏州,电气设计工程师,大专,1-3年,"[""\u62db/\u6295\u6807\u7ba1\u7406"", ""\u4f4f\u5b85\u5c0f\u533a"", ""\u516c\u5171\u5efa\u7b51"", ""\u5199\u5b57\u697c"", ""\u5b89\u9632\u7cfb\u7edf"", """", """", """"]","[8000, 13000]",0薪,无,人事,张女士人事,0,奕海,"https://img.bosszhipin.com/beijin/mcs/chatphoto/20200721/1566cb3258af539598332ffca649411e7955a0afc9fe2097cc4181fdd2b7d885_s.jpg?x-oss-process=image/resize,w_100,limit_0",装修装饰,未融资,"[0, 20]",https://www.zhipin.com/job_detail/e1137aced4ea19841XB-39-6E1FU.html?lid=5eozgLDpCvT.search.266&securityId=_HgyrK6ZeB8j4-z1D37kz2kfOmQPqJCOcfK-M2AsmeYBYbUG8SQzdRgul3w9KuhCXD28dTn8-xffaFra_4j_i2v6vRYsqBrGbxHUV_TtSbcexsSju8I~&sessionId=,https://www.zhipin.com/gongsi/b918d113d7a2a7e11nZ439-6F1I~.html,苏州工业园区
嵌入式工程师,武汉,电气设计工程师,本科,5-10年,"[""C++"", ""C\u8bed\u8a00""]","[15000, 25000]",13薪,"[""\u5de5\u9f84\u5956\uff0c\u5e74\u7ec8\u5956\uff0c\u514d\u8d39\u5de5\u88c5\uff0c\u9910\u8865\uff0c\u4e94\u9669\u4e00\u91d1""]",人事主管,李女士人事主管,0,增鑫科技,"https://c-res.zhipin.com/jrs/1_3746b0e6729fc39a4087aff6e8c2d726.jpg?x-oss-process=image/resize,w_100,limit_0",机械设备/机电/重工,不需要融资,"[0, 10000]",https://www.zhipin.com/job_detail/60d60c71549ad9f31XN52dS_FlFT.html?lid=5eozgLDpCvT.search.267&securityId=9sGCp1jcGX0y0-_1Qq9ZKycYhLTG3609t93Xe5jLS-EX8qjG2iPnK95l6F2fI9gWV_7ZxnOl9w7F4s3LP9pU8TG3kmhY2BdkyLPluOqGtxsO2KpSOXd9&sessionId=,https://www.zhipin.com/gongsi/b918d113d7a2a7e11nZ439-6F1I~.html,洪山区
电控软件工程师,上海,电气设计工程师,硕士,5-10年,"[""\u7535\u673a"", ""\u7535\u63a7"", ""\u6c7d\u8f66\u76f8\u5173\u4e13\u4e1a"", ""\u673a\u68b0\u76f8\u5173\u4e13\u4e1a"", ""\u7535\u5b50\u76f8\u5173\u4e13\u4e1a"", """"]","[25000, 50000]",13薪,"[""\u5b9a\u671f\u4f53\u68c0\uff0c\u5e26\u85aa\u5e74\u5047\uff0c\u7ee9\u6548\u5956\u91d1\uff0c\u514d\u8d39\u73ed\u8f66\uff0c\u80a1\u7968\u671f\u6743\uff0c\u4f4f\u623f\u8865\u8d34\uff0c\u9910\u8865\uff0c\u4e94\u9669\u4e00\u91d1\uff0c\u5bbf\u820d\u6709\u7a7a\u8c03\uff0c\u8282\u65e5\u798f\u5229\uff0c\u56e2\u5efa\u805a\u9910\uff0c\u5e74\u7ec8\u5956\uff0c\u751f\u65e5\u798f\u5229\uff0c\u5458\u5de5\u65c5\u6e38\uff0c\u514d\u8d39\u5de5\u88c5""]",HRM,陈先生HRM,0,大洋电机,"https://c-res.zhipin.com/jrs/e2cb72b50f653c9f9c312b512355f174.jpg?x-oss-process=image/resize,w_100,limit_0",机械设备/机电/重工,已上市,"[1000, 9999]",https://www.zhipin.com/job_detail/aecaf4061cfab35c1XN-2NS0EFtT.html?lid=5eozgLDpCvT.search.268&securityId=G5NP1S0Y46D9s-Z11S4jDvRGuIiptAxZ0uxF87Wv73R2BCwmRTJ4HyvGaZ_3NlNpfzMRAY7J9EYCdvI6c_MCjnWqJZgVUhcOZL0OEHyZ_Fl13wMWcw~~&sessionId=,https://www.zhipin.com/gongsi/b918d113d7a2a7e11nZ439-6F1I~.html,嘉定区
钙钛矿电池设备工程师,佛山,电气设计工程师,硕士,1-3年,"[""\u5de5\u827a\u8bbe\u8ba1"", ""\u4ea7\u54c1\u7814\u53d1"", ""\u8bbe\u5907\u7ba1\u7406""]","[14000, 28000]",14薪,"[""\u80a1\u7968\u671f\u6743\uff0c\u5b9a\u671f\u4f53\u68c0\uff0c\u4e94\u9669\u4e00\u91d1\uff0c\u5e26\u85aa\u5e74\u5047\uff0c\u5e74\u7ec8\u5956\uff0c\u8865\u5145\u533b\u7597\u4fdd\u9669\uff0c\u4f4f\u623f\u8865\u8d34""]",出纳,张女士出纳,0,光晶能源,"https://img.bosszhipin.com/beijin/upload/com/workfeel/20220707/7bf6f160950405e9f46dadda46a0a115afb26f5bdf8a473760a55da34d903d78e4fc8d614c8185b4.jpg?x-oss-process=image/resize,w_100,limit_0",新能源,天使轮,"[0, 20]",https://www.zhipin.com/job_detail/a526a3ec99cdc3ba1XFz3dW8FlZX.html?lid=5eozgLDpCvT.search.269&securityId=NyjXfa_Y1XvDa-Y1XvpXg99hz_wmzyrrz12WnAthTiWv0-Pa_kBeODn_ZZmWDGsGG8BriA-Joi7o3Za6JicrO42mfPqz4AEIbGtM5_pvZklYFTTmAV0~&sessionId=,https://www.zhipin.com/gongsi/b918d113d7a2a7e11nZ439-6F1I~.html,南海区
研发助理工程师（应届毕业生）,苏州,电气设计工程师,本科,在校/应届,"[""\u7535\u8def\u8bbe\u8ba1"", ""PCB\u8bbe\u8ba1"", ""EMC\u6d4b\u8bd5"", ""EMC\u8bbe\u8ba1"", ""\u7535\u78c1\u517c\u5bb9\u8bbe\u8ba1"", """", """", """"]","[5000, 10000]",13薪,"[""\u5b9a\u671f\u4f53\u68c0\uff0c\u5e74\u7ec8\u5956\uff0c\u96f6\u98df\u4e0b\u5348\u8336\uff0c\u4e94\u9669\u4e00\u91d1\uff0c\u8282\u65e5\u798f\u5229\uff0c\u5e26\u85aa\u5e74\u5047\uff0c\u9910\u8865""]",人事经理,李女士人事经理,0,壹启新能源,"https://img.bosszhipin.com/beijin/upload/com/logo/20210915/7b5b554d84f9729c4da255ede012d2a3080a9448d286e19c957060f73769922f89b329fc30c5ed1a.png?x-oss-process=image/resize,w_100,limit_0",新能源,未融资,"[100, 499]",https://www.zhipin.com/job_detail/42adc8040a8146141nJ509y9FFpW.html?lid=5eozgLDpCvT.search.270&securityId=YB3383WQgLmC--V1qpDrM7OdLKdL77CIh8cGxIMdHx-wMQaBqJLw1fuMW5Ry_pO27IqueVOfoNbyvmj9eoMLfdI5_--28GylcBIBMy3NW8Eyr8sg5d4~&sessionId=,https://www.zhipin.com/gongsi/b918d113d7a2a7e11nZ439-6F1I~.html,吴中区
光学工程师（一体机）,杭州,电气设计工程师,本科,3-5年,"[""\u673a\u5668\u89c6\u89c9\u7cfb\u7edf"", ""\u5149\u5b66\u68c0\u6d4b""]","[13000, 26000]",0薪,"[""\u5458\u5de5\u65c5\u6e38\uff0c\u4f4f\u623f\u8865\u8d34\uff0c\u901a\u8baf\u8865\u8d34\uff0c\u5b9a\u671f\u4f53\u68c0\uff0c\u5e74\u7ec8\u5956\uff0c\u9910\u8865\uff0c\u5e26\u85aa\u5e74\u5047\uff0c\u80a1\u7968\u671f\u6743\uff0c\u5305\u5403\uff0c\u8282\u65e5\u798f\u5229\uff0c\u4e94\u9669\u4e00\u91d1""]",招聘hr,郭女士招聘hr,0,晶盛机电,"https://img.bosszhipin.com/beijin/mcs/chatphoto/20210220/e193f7f0fd1f86143c2034c1f437c0b45c7266d0cba3b9881461c6c20bb7f633_s.jpg?x-oss-process=image/resize,w_100,limit_0",机械设备/机电/重工,已上市,"[1000, 9999]",https://www.zhipin.com/job_detail/4061bcf188c667ce1Xxy2dy9EFJQ.html?lid=5eppHSq1Y9q.search.271&securityId=4iTY8f8ATwgg1-n1sf8bak0AS0-v9GW5bjmkUgu_ULAkc2SbBd0aFwMg586jwZWeGINBMBCPDJ7pXoLrMDCe3a2e7ldxnleALCMrAZM549kJagTg04Q~&sessionId=,https://www.zhipin.com/gongsi/c422689eca9147d61nB839m-Fg~~.html,临平区
C#实习开发工程师,西安,电气设计工程师,本科,3个月,"[""985\u9662\u6821"", ""\u8ba1\u7b97\u673a\u76f8\u5173\u4e13\u4e1a"", ""\u8fdc\u7a0b\u5b9e\u4e60"", ""\u4e00\u5bf9\u4e00\u5bfc\u5e08"", """"]","[200, 400]",0薪,"[""\u4e94\u9669\u4e00\u91d1\uff0c\u5b9a\u671f\u4f53\u68c0\uff0c\u5458\u5de5\u65c5\u6e38\uff0c\u8282\u65e5\u798f\u5229\uff0c\u5e26\u85aa\u5e74\u5047\uff0c\u5168\u52e4\u5956\uff0c\u52a0\u73ed\u8865\u52a9\uff0c\u5e74\u7ec8\u5956\uff0c\u9910\u8865\uff0c\u4f4f\u623f\u8865\u8d34\uff0c\u80a1\u7968\u671f\u6743""]",项目经理,杨先生项目经理,1,智云创联,"https://img.bosszhipin.com/beijin/upload/com/logo/20210608/9419597a70deca9a8b00b31959f196875e233b645822d50d147b74d805ef36bc.jpg?x-oss-process=image/resize,w_100,limit_0",计算机软件,未融资,"[20, 99]",https://www.zhipin.com/job_detail/420b6ca74cf178af1Xx_09-9GFJQ.html?lid=5eppHSq1Y9q.search.272&securityId=EWfwUpM4gVm9R-71AuF4AsP9hu7sjsQFe_YwAfjSRHbbBZWpc_kKzA_3ggWrpbMVyA2pUdIQmHsBASB9cgaeXpNwW2Il_zP6paRmjcrLSY5ZpTKFZ88~&sessionId=,https://www.zhipin.com/gongsi/c422689eca9147d61nB839m-Fg~~.html,雁塔区
BIM土建/机电工程师,上海,电气设计工程师,本科,1-3年,"[""BIM\u571f\u5efa\u5de5\u7a0b\u5e08"", ""BIM\u673a\u7535\u5de5\u7a0b\u5e08"", ""BIM\u5de5\u7a0b\u5e08""]","[12000, 18000]",0薪,"[""\u5b9a\u671f\u4f53\u68c0\uff0c\u4ea4\u901a\u8865\u52a9\uff0c\u5168\u52e4\u5956\uff0c\u5305\u5403\uff0c\u901a\u8baf\u8865\u8d34\uff0c\u5e74\u7ec8\u5956\uff0c\u8865\u5145\u533b\u7597\u4fdd\u9669\uff0c\u96f6\u98df\u4e0b\u5348\u8336\uff0c\u8282\u65e5\u798f\u5229\uff0c\u5e26\u85aa\u5e74\u5047\uff0c\u4e94\u9669\u4e00\u91d1\uff0c\u80a1\u7968\u671f\u6743\uff0c\u9910\u8865\uff0c\u4f4f\u623f\u8865\u8d34""]",研究院副院长、信息中心副总经理,常先生研究院副院长、信息中心副总经理,0,上海建工总院,"https://img.bosszhipin.com/beijin/upload/chatphoto/20190325/c18d1743b4b3cf9b7d4b70e4a4fc613fe4d66c894aed20438beeff7bd1c3845f.png?x-oss-process=image/resize,w_100,limit_0",建筑设计,不需要融资,"[1000, 9999]",https://www.zhipin.com/job_detail/6cbe70e5e136f6261nF52N61EFRW.html?lid=5eppHSq1Y9q.search.273&securityId=fpt1znIIZARty-N1epOOEBmB8JyZBWA88y2MQb2CQ2VwqcwD5SMkusiYXikoojtjUJ90EgsbXC8CRC3hB5nIXrFSf6JyjwB6E-h6VEdq3JQehQHYtg~~&sessionId=,https://www.zhipin.com/gongsi/c422689eca9147d61nB839m-Fg~~.html,
高级电源软件工程师,南京,电气设计工程师,本科,3-5年,"[""C"", ""DSP\u5f00\u53d1"", ""\u5d4c\u5165\u5f0f/\u5355\u7247\u673a\u5f00\u53d1\u7ecf\u9a8c"", ""\u7535\u6e90\u62d3\u6251"", """"]","[30000, 60000]",14薪,"[""\u96f6\u98df\u4e0b\u5348\u8336\uff0c\u4ea4\u901a\u8865\u52a9\uff0c\u4e94\u9669\u4e00\u91d1\uff0c\u8282\u65e5\u798f\u5229\uff0c\u5e26\u85aa\u5e74\u5047\uff0c\u5b9a\u671f\u4f53\u68c0\uff0c\u5e74\u7ec8\u5956\uff0c\u5305\u5403\uff0c\u5458\u5de5\u65c5\u6e38\uff0c\u80a1\u7968\u671f\u6743""]",HR,孙女士HR,0,能利芯科技,"https://img.bosszhipin.com/beijin/upload/com/workfeel/20230629/7bf6f160950405e998f4e83028608dea3e53742b75b511b1dc836c925181f8ddb93d636693e9f890.png?x-oss-process=image/resize,w_100,limit_0",电子/半导体/集成电路,A轮,"[0, 20]",https://www.zhipin.com/job_detail/40a62466c8383e7c1Xx_3t2-EFZT.html?lid=5eppHSq1Y9q.search.274&securityId=LI4fvNiOjPcOy-x1cGNpOErDkpNDjhuX6KYLL26tH6VwLQMHX4yjhG8GdGazGWAYzIrWKHWr1OMuDiKms-xGQMOH_-wnVHv_G7Sc_anF3b_dD9vQZ6U~&sessionId=,https://www.zhipin.com/gongsi/c422689eca9147d61nB839m-Fg~~.html,浦口区
总装工艺主管工程师,湖州,电气设计工程师,大专,3-5年,"[""CATIA"", ""CAD""]","[12000, 22000]",0薪,无,HRBP,杜先生HRBP,0,吉利远程新能源商用车,"https://img.bosszhipin.com/beijin/icon/894ce6fa7e58d64d57e7f22d2f3a9d18afa7fcceaa24b8ea28f56f1bb14732c0.png?x-oss-process=image/resize,w_100,limit_0",汽车生产,未融资,"[0, 10000]",https://www.zhipin.com/job_detail/8d7fb4f71ee02cb81nJ_29S9GVVT.html?lid=5eppHSq1Y9q.search.275&securityId=XufhIWeCI1eR9-B1s0Pqcj2PokqTrniUcRoD7dOlqjdCpztNTETfow20uxDa1zIilIwWgTv5DoOsWqxrkroBYV0hysXtDvp6CCIomOHsqLZgmgFHf3pqn-rj6CUnYC2YmwyRvuXDGAqAiXwAw6JSpN0~&sessionId=,https://www.zhipin.com/gongsi/c422689eca9147d61nB839m-Fg~~.html,
高级硬件工程师（电源类）,常州,电气设计工程师,本科,经验不限,"[""\u7535\u6c60/\u7535\u6e90\u7c7b\u4ea7\u54c1""]","[15000, 25000]",14薪,"[""\u514d\u8d39\u73ed\u8f66\uff0c\u5b9a\u671f\u4f53\u68c0\uff0c\u9910\u8865\uff0c\u8282\u65e5\u798f\u5229\uff0c\u901a\u8baf\u8865\u8d34\uff0c\u5e74\u7ec8\u5956\uff0c\u4e94\u9669\u4e00\u91d1\uff0c\u5e26\u85aa\u5e74\u5047\uff0c\u5458\u5de5\u65c5\u6e38""]",高级系统工程师,张先生高级系统工程师,0,万帮新能源,"https://img.bosszhipin.com/beijin/mcs/chatphoto/20181130/1e95a0134450f298bdf13bdd1902e62dcfcd208495d565ef66e7dff9f98764da.jpg?x-oss-process=image/resize,w_100,limit_0",互联网,A轮,"[1000, 9999]",https://www.zhipin.com/job_detail/934cf503f26bf0a81Xd93NW0E1tT.html?lid=5eppHSq1Y9q.search.276&securityId=1rW19w1kk4m7e-S1MfpaRXhE7Bc7vFmE3dq-fpi-BLQm7V4RZ-nfeEsmWYV1REQACB8LEkL7rjF7UbxVpq15hoFklEh7tyQU025Y89Bdryi8RY3b&sessionId=,https://www.zhipin.com/gongsi/c422689eca9147d61nB839m-Fg~~.html,武进区
售前/售后技术支持工程师,武汉,电气设计工程师,大专,1-3年,"[""\u6280\u672f\u6c9f\u901a"", ""\u7cfb\u7edf\u8c03\u8bd5"", ""\u786c\u4ef6\u96c6\u6210\u8c03\u8bd5"", ""\u7f51\u7edc\u534f\u8bae"", ""\u670d\u52a1\u5668\u914d\u7f6e"", """", """"]","[4000, 8000]",0薪,"[""\u4e94\u9669\u4e00\u91d1\uff0c\u5b9a\u671f\u4f53\u68c0\uff0c\u5168\u52e4\u5956\uff0c\u8282\u65e5\u798f\u5229\uff0c\u52a0\u73ed\u8865\u52a9\uff0c\u4ea4\u901a\u8865\u52a9\uff0c\u8865\u5145\u533b\u7597\u4fdd\u9669""]",区域经理,王先生区域经理,0,华辰能源,"https://img.bosszhipin.com/beijin/upload/com/workfeel/20211122/7bf6f160950405e9c94fd2f7b1d911b5653ca3faa5f87b9d264c2b6ebb2f132011c0877cfd5ea0b5.jpg?x-oss-process=image/resize,w_100,limit_0",互联网,不需要融资,"[20, 99]",https://www.zhipin.com/job_detail/08d60b5754cc1a641XR62Nq5EFRQ.html?lid=5eppHSq1Y9q.search.277&securityId=Bo8kxI4VeJhBn-01sbwZYfD5MNjI6HNocXyf4mdzsylI6Axd_Qa5ilwbNutWMLJRoYPnwz7e5z_JS2Ukx_WTG7Jj2yHo-rhhyS_cKoCF6U1j6H_-6g~~&sessionId=,https://www.zhipin.com/gongsi/c422689eca9147d61nB839m-Fg~~.html,洪山区
工艺开发主管工程师（测试方向）,上海,电气设计工程师,本科,3-5年,"[""\u6c7d\u8f66\u5236\u9020"", ""\u65b0\u80fd\u6e90"", ""\u5de5\u827a\u6d41\u7a0b\u6539\u8fdb"", ""\u5de5\u827a\u6d41\u7a0b\u8bbe\u8ba1"", """"]","[15000, 30000]",15薪,"[""\u514d\u8d39\u73ed\u8f66\uff0c\u5b9a\u671f\u4f53\u68c0\uff0c\u4ea4\u901a\u8865\u52a9\uff0c\u96f6\u98df\u4e0b\u5348\u8336\uff0c\u9910\u8865\uff0c\u5e26\u85aa\u5e74\u5047\uff0c\u52a0\u73ed\u8865\u52a9\uff0c\u5458\u5de5\u65c5\u6e38\uff0c\u901a\u8baf\u8865\u8d34\uff0c\u8865\u5145\u533b\u7597\u4fdd\u9669\uff0c\u5e74\u7ec8\u5956\uff0c\u4e94\u9669\u4e00\u91d1\uff0c\u8282\u65e5\u798f\u5229\uff0c\u5305\u5403""]",人事经理,刘先生人事经理,0,华域电动,"https://img.bosszhipin.com/beijin/mcs/chatphoto/20200916/a6d18689f788ca93acf8308b7ed598055aaa8e32f54a63c20c78756e560f5527_s.jpg?x-oss-process=image/resize,w_100,limit_0",汽车零部件,未融资,"[500, 999]",https://www.zhipin.com/job_detail/ae512fb0d53594081XJy2ty-E1tT.html?lid=5eppHSq1Y9q.search.278&securityId=fVsJNkl4AoT5p-G1N22oPrA_EL3bQ6ffiSJv9LuoFyEBzz_7PUm6X7uQDaxh5g0r7RzT9q2WprFE9D_fZCWB0UdXyjDCYcxoHV4tyDOknIDfP-3f1PY~&sessionId=,https://www.zhipin.com/gongsi/c422689eca9147d61nB839m-Fg~~.html,浦东新区
硬件工程师（电源产品）,金华,电气设计工程师,大专,1-3年,"[""\u786c\u4ef6\u5de5\u7a0b\u5e08/\u7535\u8def\u8bbe\u8ba1""]","[8000, 12000]",0薪,"[""\u8282\u65e5\u798f\u5229\uff0c\u96f6\u98df\u4e0b\u5348\u8336\uff0c\u5458\u5de5\u65c5\u6e38\uff0c\u9910\u8865\uff0c\u5168\u52e4\u5956\uff0c\u5e26\u85aa\u5e74\u5047\uff0c\u5e74\u7ec8\u5956\uff0c\u4ea4\u901a\u8865\u52a9\uff0c\u52a0\u73ed\u8865\u52a9\uff0c\u5305\u5403\uff0c\u901a\u8baf\u8865\u8d34\uff0c\u4f4f\u623f\u8865\u8d34\uff0c\u514d\u8d39\u73ed\u8f66\uff0c\u4e94\u9669\u4e00\u91d1""]",招聘者,陈先生招聘者,0,浙江芯邦科技有限公司,"https://img.bosszhipin.com/beijin/upload/com/logo/20220511/7b5b554d84f9729cd1b89fad72b8c2799d0925ae266b391991dbb4a431ed0d639cc11efa720c8f9a.jpg?x-oss-process=image/resize,w_100,limit_0",电子/半导体/集成电路,未融资,"[100, 499]",https://www.zhipin.com/job_detail/ae4c2aeb668d8d411Xd53ty9FFVQ.html?lid=5eppHSq1Y9q.search.279&securityId=R4FuG89fJAAZZ-a1XNHWuYl6KweOKiRLR-KOCmNxbFOQvBmm7hhvOG48PntqnOfu5cgqUYKOGK7c6PutxR5_Yn5ZqFgJi6lZHLzoKlFQQc0vAu8PVJI~&sessionId=,https://www.zhipin.com/gongsi/c422689eca9147d61nB839m-Fg~~.html,
硬件工程师,合肥,电气设计工程师,本科,1-3年,"[""\u82af\u7247/\u534a\u5bfc\u4f53/\u96c6\u6210\u7535\u8def"", ""\u7535\u5b50\u7535\u6c14/\u81ea\u52a8\u5316\u76f8\u5173\u4e13\u4e1a"", """"]","[14000, 18000]",15薪,"[""\u52a0\u73ed\u8865\u52a9\uff0c\u4e94\u9669\u4e00\u91d1\uff0c\u5e74\u7ec8\u5956\uff0c\u8865\u5145\u533b\u7597\u4fdd\u9669\uff0c\u514d\u8d39\u73ed\u8f66\uff0c\u5e26\u85aa\u5e74\u5047\uff0c\u901a\u8baf\u8865\u8d34\uff0c\u5b9a\u671f\u4f53\u68c0\uff0c\u5458\u5de5\u5bbf\u820d\uff0c\u5458\u5de5\u65c5\u6e38\uff0c\u4ea4\u901a\u8865\u52a9\uff0c\u5305\u5403\uff0c\u8282\u65e5\u798f\u5229\uff0c\u9910\u8865""]",电气硬件工程师,李先生电气硬件工程师,0,阳光电源股份有限公司,"https://img.bosszhipin.com/beijin/mcs/banner/c66f4de04d5a007746c437ca8975bffccfcd208495d565ef66e7dff9f98764da.jpg?x-oss-process=image/resize,w_100,limit_0",新能源,已上市,"[1000, 9999]",https://www.zhipin.com/job_detail/bbc9c964b75364831XJ53tu1F1JQ.html?lid=5eppHSq1Y9q.search.280&securityId=BExdLx1SNQfCR-H1-qi2UgXsQX4a3mQDylDxvRvrSmFVa3B_RDE08BymPtO6phAGbGYY04WVpREhMxh85h3tiZRA49c9_g7gs2-q0R1umbsGBSDGoyQ~&sessionId=,https://www.zhipin.com/gongsi/c422689eca9147d61nB839m-Fg~~.html,蜀山区
结构工程师,深圳,电气设计工程师,大专,1-3年,"[""\u975e\u6807\u673a\u68b0"", ""\u4eea\u5668\u4eea\u8868"", ""CAD"", ""SolidWorks""]","[8000, 12000]",0薪,"[""\u5305\u5403\uff0c\u5e74\u7ec8\u5956\uff0c\u52a0\u73ed\u8865\u52a9\uff0c\u4f4f\u623f\u8865\u8d34\uff0c\u8282\u65e5\u798f\u5229\uff0c\u4e94\u9669\u4e00\u91d1""]",人事,郑女士人事,0,威利特,"https://img.bosszhipin.com/beijin/mcs/chatphoto/20210227/fba2f516838203b788a1526a6dfd597de75a419479315e414525a9d54c8aa215_s.jpg?x-oss-process=image/resize,w_100,limit_0",机械设备/机电/重工,未融资,"[20, 99]",https://www.zhipin.com/job_detail/5e2a0df9391aa2ba1nZ83tm8ElBU.html?lid=5eppHSq1Y9q.search.281&securityId=NHmUYRwR69Wrl-B1NbcjoMIfitQov5-mGJaJQqGQggVYq_WMRw0Qu96WEAqm6zrTSY8VyueJT1VWMD5JXTIdt5m-wJ9bsBH_yzAMACCR1T3XlJBPiO8~&sessionId=,https://www.zhipin.com/gongsi/c422689eca9147d61nB839m-Fg~~.html,宝安区
硬件工程师,六安,电气设计工程师,本科,3-5年,"[""\u6c7d\u8f66\u786c\u4ef6\u4ea7\u54c1"", ""\u82af\u7247/\u534a\u5bfc\u4f53/\u96c6\u6210\u7535\u8def"", ""\u7535\u6c60/\u7535\u6e90\u7c7b\u4ea7\u54c1"", """", """", """"]","[6000, 11000]",0薪,"[""\u8282\u5047\u65e5\u52a0\u73ed\u8d39\uff0c\u5168\u52e4\u5956\uff0c\u4e94\u9669\u4e00\u91d1\uff0c\u52a0\u73ed\u8865\u52a9""]",管理,李先生管理,0,朗格电气,"https://img.bosszhipin.com/beijin/icon/894ce6fa7e58d64d57e7f22d2f3a9d18afa7fcceaa24b8ea28f56f1bb14732c0.png?x-oss-process=image/resize,w_100,limit_0",机械设备/机电/重工,不需要融资,"[0, 10000]",https://www.zhipin.com/job_detail/8784bbf38a1b54561XBy2964E1RT.html?lid=5eppHSq1Y9q.search.282&securityId=_puKevobwFB8E-21-_MEWFdixvhpNXuYpuRu4QdmDwwkwMqa0NVP_aWQ3MplC9Li0yJnOhek6RXQ5hzi_PujI_CdJE5Q78HRkPFkcyqEO1_ciQy68Vo~&sessionId=,https://www.zhipin.com/gongsi/c422689eca9147d61nB839m-Fg~~.html,
测试工程师,合肥,电气设计工程师,本科,1-3年,"[""\u6027\u80fd\u6d4b\u8bd5""]","[6000, 10000]",0薪,"[""\u7ee9\u6548\u5956\u91d1\uff0c\u8282\u65e5\u798f\u5229\uff0c\u5e26\u85aa\u5e74\u5047\uff0c\u4e94\u9669\u4e00\u91d1\uff0c\u5458\u5de5\u65c5\u6e38\uff0c\u80a1\u7968\u671f\u6743\uff0c\u5e74\u7ec8\u5956""]",HR,陈女士HR,0,CYT,"https://img.bosszhipin.com/beijin/upload/com/workfeel/20220425/7bf6f160950405e9d6a793accd3fa1fe2effbc05890c5c608f9367ef7fa5f89cf006a28f3de8ca0e.jpg?x-oss-process=image/resize,w_100,limit_0",电子/半导体/集成电路,A轮,"[20, 99]",https://www.zhipin.com/job_detail/2a8eb910a215c1611XF62tS8FVFQ.html?lid=5eppHSq1Y9q.search.283&securityId=QwlHohWIIMhPy-61jEr-dWO1_0PNzFASqFvmadSNsPrx7RJwts638vdWki4NYKNZtN3HPp0il3LTLq-f3AvWBbY2nzIsLKi5fL8ZPC4eytYb5BvO_CM~&sessionId=,https://www.zhipin.com/gongsi/c422689eca9147d61nB839m-Fg~~.html,蜀山区
设备工程师,德州,电气设计工程师,本科,1-3年,"[""\u8bbe\u5907\u8c03\u8bd5"", ""\u8bbe\u5907\u64cd\u4f5c"", ""\u8bbe\u5907\u4fdd\u517b/\u7ef4\u4fee"", ""\u673a\u68b0\u5de5\u7a0b\u4e13\u4e1a"", """", """"]","[8000, 13000]",0薪,"[""\u6709\u65e0\u7ebf\u7f51\uff0c\u5305\u4f4f\uff0c\u8282\u65e5\u798f\u5229\uff0c\u5e26\u85aa\u5e74\u5047\uff0c\u9910\u8865\uff0c\u96f6\u98df\u4e0b\u5348\u8336\uff0c\u5305\u5403\uff0c\u5e74\u7ec8\u5956\uff0c\u4e94\u9669\u4e00\u91d1\uff0c\u52a0\u73ed\u8865\u52a9""]",人事专员,吴女士人事专员,0,东方英宝,"https://img.bosszhipin.com/beijin/upload/com/logo/20211027/7b5b554d84f9729c4856a37280d7fb6655260e4b9233fda4cf0a19eea4e79362aeacf12b26151205.jpg?x-oss-process=image/resize,w_100,limit_0",工程施工,不需要融资,"[100, 499]",https://www.zhipin.com/job_detail/ed3b13566a27bbff1nx40tW8EVtT.html?lid=5eppHSq1Y9q.search.284&securityId=vhI3iFFNFbDSn-71aQWlpj79gKSMyZelmCkffCS9Kh9uR7d9d4Knbf9YfObDB1gUTltT_bYLtsJCNZ5bt-QvpiVx0h-NY9_0Uwn0-Z6z_ElxXjRjhA~~&sessionId=,https://www.zhipin.com/gongsi/c422689eca9147d61nB839m-Fg~~.html,
硬件工程师,长春,电气设计工程师,本科,5-10年,"[""\u7535\u8def\u8bbe\u8ba1"", ""PCB\u8bbe\u8ba1"", ""\u5668\u4ef6\u9009\u578b"", ""EMC\u6d4b\u8bd5"", ""EMC\u8bbe\u8ba1"", """", """", """"]","[9000, 14000]",16薪,"[""\u4e94\u9669\u4e00\u91d1\uff0c\u8282\u65e5\u798f\u5229\uff0c\u5b9a\u671f\u4f53\u68c0\uff0c\u5e74\u7ec8\u5956\uff0c\u4f01\u4e1a\u5e74\u91d1\uff0c\u8865\u5145\u533b\u7597\u4fdd\u9669\uff0c\u5e26\u85aa\u5e74\u5047""]",招聘培训员,刘先生招聘培训员,0,富奥电动系统,"https://img.bosszhipin.com/beijin/mcs/chatphoto/20201215/3d686f511206497523fa0f58c2426ef621249e0096d2e503185437c20ed39066_s.jpg?x-oss-process=image/resize,w_100,limit_0",汽车零部件,已上市,"[20, 99]",https://www.zhipin.com/job_detail/bf54176b51d205071n193Nm9GFJQ.html?lid=5eppHSq1Y9q.search.285&securityId=63LcmyVwt1Haf-Z1XArH5_rEQ_ojBlCE4JaXm8m15LNZUIrriABsrVKzzY6KGd-LRk_SBbPXT3HlxL80I1RENIKw-cMpo7ms_6SdP7bQaZpkTbfGifNC&sessionId=,https://www.zhipin.com/gongsi/c422689eca9147d61nB839m-Fg~~.html,
售前技术支持工程师,济南,电气设计工程师,本科,1-3年,"[""\u7cfb\u7edf\u96c6\u6210"", ""\u8ba1\u7b97\u673a/\u901a\u4fe1\u76f8\u5173\u4e13\u4e1a"", ""\u552e\u524d\u6280\u672f\u652f\u6301\u7ecf\u9a8c"", """"]","[5000, 10000]",0薪,"[""\u901a\u8baf\u8865\u8d34\uff0c\u8282\u65e5\u798f\u5229\uff0c\u5e74\u7ec8\u5956\uff0c\u9910\u8865\uff0c\u4ea4\u901a\u8865\u52a9\uff0c\u4e94\u9669\u4e00\u91d1\uff0c\u5458\u5de5\u65c5\u6e38""]",招聘HR,王女士招聘HR,0,济南英华,"https://img.bosszhipin.com/beijin/upload/com/workfeel/20230211/7bf6f160950405e99be17c36538a4fffe919d568cd74570b50830031e2f4875a9b1dda82eeb76f84.jpg?x-oss-process=image/resize,w_100,limit_0",通信/网络设备,未融资,"[20, 99]",https://www.zhipin.com/job_detail/ba3c250ea3fda9901XN829q6FlBX.html?lid=5eppHSq1Y9q.search.286&securityId=l3eirhReD6S5g-l1UaLRlO9IqMwuKn7xiNeSOnxYdNVv97IzhbeN1_rnJwTpuTqap-XIYy5n1cB-rshz_ysJD99gh6aTnmCjJYfbMfOGw0g6YXBOBJ4~&sessionId=,https://www.zhipin.com/gongsi/c422689eca9147d61nB839m-Fg~~.html,历下区
高级硬件工程师,武汉,电气设计工程师,硕士,1-3年,"[""\u7535\u5b50\u7535\u6c14/\u81ea\u52a8\u5316\u76f8\u5173\u4e13\u4e1a"", ""\u786c\u4ef6\u5f00\u53d1\u7ecf\u9a8c"", ""\u901a\u4fe1\u76f8\u5173\u4e13\u4e1a""]","[15000, 28000]",14薪,"[""\u8865\u5145\u533b\u7597\u4fdd\u9669\uff0c\u514d\u8d39\u73ed\u8f66\uff0c\u5b9a\u671f\u4f53\u68c0\uff0c\u9910\u8865\uff0c\u8282\u65e5\u798f\u5229\uff0c\u5e74\u7ec8\u5956\uff0c\u5458\u5de5\u65c5\u6e38\uff0c\u4e94\u9669\u4e00\u91d1\uff0c\u5e26\u85aa\u5e74\u5047\uff0c\u4f4f\u623f\u8865\u8d34\uff0c\u80a1\u7968\u671f\u6743""]",系统工程师,刘先生系统工程师,0,武汉联影,"https://img.bosszhipin.com/beijin/upload/com/logo/20200109/a1b6791b675d364ee9a1f87c72891a83b945d448ac2098a2818eb00d4dfc0d30.png?x-oss-process=image/resize,w_100,limit_0",医疗设备/器械,不需要融资,"[1000, 9999]",https://www.zhipin.com/job_detail/af7d1e8fafbb88091XF92dm6EFRW.html?lid=5eppHSq1Y9q.search.287&securityId=0Morr2GkePrVt-Q1lkbaxNt763AExZONZMx2ZpuiDjPclFjlQgmTBD2hHPlF0tF88CqPioy7-T-aA5Or_jIx2CXDbObZhVZwBr7wzkPLnqOVrYwz9bQ~&sessionId=,https://www.zhipin.com/gongsi/c422689eca9147d61nB839m-Fg~~.html,江夏区
电子电路工程师,合肥,电气设计工程师,本科,1-3年,"[""\u7535\u8def\u8bbe\u8ba1""]","[10000, 15000]",14薪,"[""\u5e74\u7ec8\u5956\uff0c\u5458\u5de5\u65c5\u6e38\uff0c\u9910\u8865\uff0c\u5e26\u85aa\u5e74\u5047\uff0c\u4ea4\u901a\u8865\u52a9\uff0c\u5b9a\u671f\u4f53\u68c0\uff0c\u56e2\u5efa\u805a\u9910\uff0c\u80a1\u7968\u671f\u6743\uff0c\u96f6\u98df\u4e0b\u5348\u8336\uff0c\u8282\u65e5\u798f\u5229\uff0c\u7ee9\u6548\u5956\u91d1\uff0c\u4e94\u9669\u4e00\u91d1""]",hr,彭女士hr,0,北科天绘,"https://img.bosszhipin.com/beijin/upload/com/workfeel/20210629/b44cb99b8e1457fee925bf64fcc911d485afc78b777b31c088858df1ac26e1c2.jpg?x-oss-process=image/resize,w_100,limit_0",仪器仪表/工业自动化,未融资,"[100, 499]",https://www.zhipin.com/job_detail/9f85c80c27ba5f131nN-3di1FFtT.html?lid=5eppHSq1Y9q.search.288&securityId=vrqCiAMckcasP-S1qmQld3JRD693qmUXpfG4nj6MyABKeQ6w6b5-PdSGwskHT4-f9QnvHe81erYQ3juHOoRUTSbyPD4BXDWqvOR_VWaHzcnyc7xux_jtGX8gdMZ7EL_ozPlbTqSChw5pmZYRWRzsjQ~~&sessionId=,https://www.zhipin.com/gongsi/c422689eca9147d61nB839m-Fg~~.html,包河区
伺服算法工程师,广州,电气设计工程师,本科,3-5年,"[""\u7535\u673a\u63a7\u5236""]","[15000, 30000]",13薪,"[""\u5e26\u85aa\u5e74\u5047\uff0c\u4e94\u9669\u4e00\u91d1\uff0c\u8282\u65e5\u798f\u5229\uff0c\u5e74\u7ec8\u5956\uff0c\u5b9a\u671f\u4f53\u68c0\uff0c\u5458\u5de5\u65c5\u6e38\uff0c\u80a1\u7968\u671f\u6743\uff0c\u96f6\u98df\u4e0b\u5348\u8336""]",人力,何女士人力,0,匠芯创科,"https://img.bosszhipin.com/beijin/mcs/chatphoto/20210224/9c8e952781740ab5841dbfd93f7e424f2248c8cc8b74e46d42d9c52cf1cd7e9b_s.jpg?x-oss-process=image/resize,w_100,limit_0",电子/半导体/集成电路,未融资,"[20, 99]",https://www.zhipin.com/job_detail/0b33ae189f3b903b1nF83du7FVRX.html?lid=5eppHSq1Y9q.search.289&securityId=V5vpLkL2lSFUA-91n4vQupAZN8qOg8mgEhU1pgtfq1oE-OzQgTMpYHpFWva8yMvEzGuuECF1sxYezO7b7OX0vRRaDnwO3oCZ0lMdi6bseBwMtApImg~~&sessionId=,https://www.zhipin.com/gongsi/c422689eca9147d61nB839m-Fg~~.html,黄埔区
光伏技术工程师,上海,电气设计工程师,本科,在校/应届,"[""\u5149\u4f0f""]","[9000, 12000]",13薪,"[""\u5e74\u7ec8\u5956\uff0c\u8282\u65e5\u798f\u5229\uff0c\u96f6\u98df\u4e0b\u5348\u8336\uff0c\u5458\u5de5\u65c5\u6e38\uff0c\u5e26\u85aa\u5e74\u5047\uff0c\u80a1\u7968\u671f\u6743\uff0c\u8865\u5145\u533b\u7597\u4fdd\u9669\uff0c\u4e94\u9669\u4e00\u91d1\uff0c\u5b9a\u671f\u4f53\u68c0""]",HR,孙先生HR,0,极熵数据,"https://c-res.zhipin.com/jrs/cb552cfbd45cd47e41c75978f043dfeb.jpg?x-oss-process=image/resize,w_100,limit_0",数据服务,C轮,"[100, 499]",https://www.zhipin.com/job_detail/6c7fd572701ff72d1XN_2t-0F1pW.html?lid=5eppHSq1Y9q.search.290&securityId=KEYCOrcPon3RY-J18Cj_4eNcuqEIYjxpSCr2J3Lm5QWRNANSbpUo0NavN8FdHvqghtaboVgci9UGti-LqHutGueu0ljPJBVlfzLQDf1SlakBxkL11Q~~&sessionId=,https://www.zhipin.com/gongsi/c422689eca9147d61nB839m-Fg~~.html,闵行区
售后技术工程师,深圳,电气设计工程师,中专/中技,1-3年,"[""\u673a\u68b0/\u673a\u7535\u8bbe\u5907""]","[6000, 10000]",13薪,"[""\u56e2\u5efa\u805a\u9910\uff0c\u5de5\u9f84\u5956\uff0c\u5458\u5de5\u65c5\u6e38\uff0c\u5168\u52e4\u5956\uff0c\u8282\u65e5\u798f\u5229\uff0c\u96f6\u98df\u4e0b\u5348\u8336\uff0c\u5e74\u7ec8\u5956\uff0c\u5e26\u85aa\u5e74\u5047\uff0c\u4e94\u9669\u4e00\u91d1""]",行政助理,王女士行政助理,0,辉熙,"https://img.bosszhipin.com/beijin/upload/com/workfeel/20230202/7bf6f160950405e9f4c37293d222ea588caf36d3388a98b3f51ee6155cca959dcb5504658bd76740.png?x-oss-process=image/resize,w_100,limit_0",医疗设备/器械,未融资,"[20, 99]",https://www.zhipin.com/job_detail/33186857b9bea06e1XJ-2dW4FFRW.html?lid=5eppHSq1Y9q.search.291&securityId=rbToVj6men8Hd-E1T0I3N-zhoN2qLrTFihsIfXczbj5JvrxJn7t0LwJktUtIMxSJXQDq7qajLJP18vbqq0qPyD9y6WXUoVL72ejKDqZCTmptUWkzpNc~&sessionId=,https://www.zhipin.com/gongsi/c422689eca9147d61nB839m-Fg~~.html,龙岗区
bms硬件工程师,深圳,电气设计工程师,大专,1-3年,"[""\u7535\u6c60/\u7535\u6e90\u7c7b\u4ea7\u54c1"", ""\u97f3\u89c6\u9891/\u663e\u793a\u7c7b\u4ea7\u54c1"", """", """"]","[12000, 20000]",0薪,"[""\u5e26\u85aa\u5e74\u5047\uff0c\u5458\u5de5\u65c5\u6e38\uff0c\u4e94\u9669\u4e00\u91d1\uff0c\u5e74\u7ec8\u5956\uff0c\u8282\u65e5\u798f\u5229\uff0c\u52a0\u73ed\u8865\u52a9""]",人事专员,魏女士人事专员,0,赛其创新,"https://img.bosszhipin.com/beijin/mcs/chatphoto/20190326/02e6752b3bcd439e03bff91687407e406a56d9c06faaf57f6df66cccf3e71299_s.jpg?x-oss-process=image/resize,w_100,limit_0",电子/半导体/集成电路,D轮及以上,"[0, 10000]",https://www.zhipin.com/job_detail/d7e7bb02f6c633871XN-2tm0ElZQ.html?lid=5eppHSq1Y9q.search.292&securityId=yrq8VUJmKuXbG-g1Vrk-CphkXHe7puYIRtjo03-9GtYucJm84mOjpzRP_vJP0ojtfAn8z_-7-emrN8JXny_OpR3hBGi7XqZc3fAqnEev2Ue8drwsggk~&sessionId=,https://www.zhipin.com/gongsi/c422689eca9147d61nB839m-Fg~~.html,龙华区
机器人机械结构工程师,佛山,电气设计工程师,本科,3-5年,"[""\u6750\u6599""]","[15000, 30000]",15薪,无,高级招聘经理,孔女士高级招聘经理,0,凤巢房地产开发,"https://img.bosszhipin.com/beijin/app/mobile/normal-0e3f1e4441a21d4874cece3a3d81f0fe.png?x-oss-process=image/resize,w_100,limit_0",房地产开发,未融资,"[100, 499]",https://www.zhipin.com/job_detail/f0636ce00444006a03d42dS8EVI~.html?lid=5eppHSq1Y9q.search.293&securityId=_OTzbVGMyLiqy-c18mHGhzm47ZCHZhXK_g-xcmNN8M3zVzX3buCUB-U6LQ3zoqxF8I-CXXlJVCJga_flrhN9gHJSMrQpDXGztE7IuTUWxEy7s3AE&sessionId=,https://www.zhipin.com/gongsi/c422689eca9147d61nB839m-Fg~~.html,顺德区
机械工程师 (MJ000651),南京,电气设计工程师,大专,3-5年,"[""\u673a\u5668\u4eba"", ""\u81ea\u52a8\u5316"", ""SolidWorks"", ""AutoCAD"", ""UG"", ""\u94a3\u91d1\u81ea\u52a8\u5316"", """"]","[11000, 15000]",13薪,"[""\u4ea4\u901a\u8865\u52a9\uff0c\u8282\u65e5\u798f\u5229\uff0c\u5e26\u85aa\u5e74\u5047\uff0c\u4e94\u9669\u4e00\u91d1\uff0c\u5b9a\u671f\u4f53\u68c0\uff0c\u9910\u8865""]",HRBP,马女士HRBP,0,埃斯顿自动化,"https://img.bosszhipin.com/beijin/mcs/chatphoto/20180409/a2adbc2d6cbcb6b0700877411e6cb47ecfcd208495d565ef66e7dff9f98764da.jpg?x-oss-process=image/resize,w_100,limit_0",仪器仪表/工业自动化,已上市,"[0, 10000]",https://www.zhipin.com/job_detail/0b30dd9ee39680b51XN-3dq1FlpT.html?lid=5eppHSq1Y9q.search.294&securityId=NREeZBr4YQaNO-h1-mDqCLiEeEnvfHEU4FgDe1tgra3_oa6Jr9cKbWrEpQI-EKL4I5xyC1qWphjeEeABWNowtZo7RL8cU0hgvA9mJ1n2qj0Flmtg134~&sessionId=,https://www.zhipin.com/gongsi/c422689eca9147d61nB839m-Fg~~.html,江宁区
半导体设备工程师（青岛）,青岛,电气设计工程师,本科,1-3年,"[""\u534a\u5bfc\u4f53\u8bbe\u5907"", ""\u552e\u524d\u552e\u540e""]","[8000, 13000]",0薪,无,招聘专员,尹女士招聘专员,0,华海清科,"https://c-res.zhipin.com/jrs/2_7a35fb1c623eacabcec2e4d18c6bba73.jpg?x-oss-process=image/resize,w_100,limit_0",电子/半导体/集成电路,已上市,"[0, 10000]",https://www.zhipin.com/job_detail/0d69c061304e36861XZ83Ni7GFFX.html?lid=5eppHSq1Y9q.search.295&securityId=rXeta68jkHLtx-y1gGbtZdRqiTNwNE0E4ZHuYthOhOCz27XKlOa7iXa60pvy8kMEyvEoXDY7zUs9dkoWQk23lJwma9upD6VGvr7nxtyi9iSa7Z948wg6ijjacSzCF-rLARSF7OoYGLk4NHInRQdsGg~~&sessionId=,https://www.zhipin.com/gongsi/c422689eca9147d61nB839m-Fg~~.html,黄岛区
工艺工程师(新能源/PACK),武汉,电气设计工程师,本科,3-5年,"[""\u6c7d\u8f66\u5236\u9020"", ""\u5de5\u827a\u6d41\u7a0b\u8bbe\u8ba1"", ""AutoCAD"", ""Pro/E"", ""UG""]","[15000, 30000]",13薪,"[""\u4e94\u9669\u4e00\u91d1\uff0c\u8865\u5145\u533b\u7597\u4fdd\u9669\uff0c\u5b9a\u671f\u4f53\u68c0\uff0c\u52a0\u73ed\u8865\u52a9\uff0c\u5e74\u7ec8\u5956\uff0c\u5e26\u85aa\u5e74\u5047\uff0c\u8282\u65e5\u798f\u5229""]",招募主管,王女士招募主管,0,富士康科技工业园,"https://img.bosszhipin.com/beijin/upload/com/logo/20190625/6c0ca2685d7dad657c88098c169a543d7b5d753eb4648f1a1c81710062b14a7f.png?x-oss-process=image/resize,w_100,limit_0",电子/半导体/集成电路,已上市,"[0, 10000]",https://www.zhipin.com/job_detail/5333bc6eb9c999401Xdy3tm5ElZX.html?lid=5eppHSq1Y9q.search.296&securityId=ao-GN2Xd4sxBZ-l1aowie-qKmlGXX13uai5v3EF8encOpaCM7550xJLuEqRuQlVw3HnQNkhbCxlSqt6AzGGOxCI6Be0S5tqmwGqdwXhyHDsSAtRutA~~&sessionId=,https://www.zhipin.com/gongsi/c422689eca9147d61nB839m-Fg~~.html,江夏区
专利工程师（自动化方向）,湖州,电气设计工程师,本科,经验不限,"[""Python"", ""CAD"", ""PLC\u7f16\u7a0b""]","[13000, 20000]",0薪,"[""\u5e74\u7ec8\u5956\uff0c\u5458\u5de5\u65c5\u6e38\uff0c\u8282\u65e5\u798f\u5229\uff0c\u5e26\u85aa\u5e74\u5047\uff0c\u5a5a\u751f\u798f\u5229""]",招聘专员,卓女士招聘专员,0,兆弟,"https://img.bosszhipin.com/beijin/mcs/chatphoto/20190305/68a11badfec21c1fc9da0d7bf09b194856e4f8fdb416d5b05834b7d391f2d1cf.jpg?x-oss-process=image/resize,w_100,limit_0",建材,未融资,"[1000, 9999]",https://www.zhipin.com/job_detail/713a75a23481d8631XN40921F1JQ.html?lid=5eppHSq1Y9q.search.297&securityId=jLzpikWs6PXgu-l1vpnc0mkl3HXAKmta2RCdt7SIR9V1dO7lmHqaUcmFqLQza3ARRJQnqVS0mpncaRYc2hwbcXveL9xVAL-pYrO8Id7xNqfwHAOs9A~~&sessionId=,https://www.zhipin.com/gongsi/c422689eca9147d61nB839m-Fg~~.html,南浔区
嵌入式工程师（ARM/MCU）,南阳,电气设计工程师,大专,3-5年,"[""C"", ""C++"", ""STM32\u5f00\u53d1"", ""\u5d4c\u5165\u5f0f"", ""\u5355\u7247\u673a"", ""\u7269\u8054\u7f51""]","[20000, 35000]",0薪,"[""\u4e94\u9669\u4e00\u91d1\uff0c\u5b9a\u671f\u56e2\u5efa\uff0c\u5458\u5de5\u65c5\u6e38\uff0c\u516d\u9669\u4e00\u91d1\uff0c\u8282\u65e5\u798f\u5229\uff0c\u5b9a\u671f\u4f53\u68c0\uff0c\u5e26\u85aa\u5e74\u5047\uff0c\u8865\u5145\u533b\u7597\u4fdd\u9669\uff0c\u80a1\u7968\u671f\u6743""]",嵌入式开发工程师,胡先生嵌入式开发工程师,0,牧原食品股份有限公司,"https://img.bosszhipin.com/beijin/mcs/bar/20200403/a80da93109db98f86f7565c07d7cc71ebe1bd4a3bd2a63f070bdbdada9aad826.png?x-oss-process=image/resize,w_100,limit_0",农/林/牧/渔,已上市,"[0, 10000]",https://www.zhipin.com/job_detail/2490c1255188dd9d1XJ-3N60GFNX.html?lid=5eppHSq1Y9q.search.298&securityId=8DPaFyV2uaRaM-d1wR8-yq141B6fwVBz-lwsxIqPwjZMa8s3yjeEjc1Qnp0GQ2Wy8HWv03TZ_-c4D-X6sC9n7JxdlcRImlDkastj9J4fIbocFbxRyQ~~&sessionId=,https://www.zhipin.com/gongsi/c422689eca9147d61nB839m-Fg~~.html,
软件开发高级主任工程师,咸阳,电气设计工程师,本科,10年以上,"[""C++"", ""Qt\u9879\u76ee\u5f00\u53d1\u7ecf\u9a8c""]","[22000, 30000]",0薪,"[""\u5b9a\u671f\u4f53\u68c0\uff0c\u96f6\u98df\u4e0b\u5348\u8336\uff0c\u4ea4\u901a\u8865\u52a9\uff0c\u8282\u65e5\u798f\u5229\uff0c\u5e74\u7ec8\u5956\uff0c\u4e94\u9669\u4e00\u91d1\uff0c\u901a\u8baf\u8865\u8d34\uff0c\u5e26\u85aa\u5e74\u5047\uff0c\u5168\u52e4\u5956\uff0c\u5458\u5de5\u65c5\u6e38\uff0c\u80a1\u7968\u671f\u6743\uff0c\u514d\u8d39\u73ed\u8f66\uff0c\u9910\u8865\uff0c\u4f4f\u623f\u8865\u8d34\uff0c\u52a0\u73ed\u8865\u52a9""]",人力资源部招聘经理,张先生人力资源部招聘经理,0,隆基绿能科技,"https://img.bosszhipin.com/beijin/upload/com/workfeel/20220523/7bf6f160950405e9033b9fb26cc67cf4f78dc8355d1db159ddb6fe9d53afa76f97c9e3e167586845.jpg?x-oss-process=image/resize,w_100,limit_0",新能源,已上市,"[1000, 9999]",https://www.zhipin.com/job_detail/aeaa1810a32ddd8e1XB_2tW_FlZX.html?lid=5eppHSq1Y9q.search.299&securityId=PcdY3jRJOn1mZ-z1cAkX5I6XSol3HFHJMd_-ewxayigAEulKfO4e23zdZQ4ffD7UwFvY8fY8BD0PmKBVILk8ODZKHFoGlgSNzderhH6l6qlLFeFln0Q9&sessionId=,https://www.zhipin.com/gongsi/c422689eca9147d61nB839m-Fg~~.html,
电能质量分析仪研发工程师,广州,电气设计工程师,本科,3-5年,"[""C++"", ""Linux""]","[11000, 20000]",0薪,"[""\u4e94\u9669\u4e00\u91d1\uff0c\u5b9a\u671f\u4f53\u68c0\uff0c\u5e26\u85aa\u5e74\u5047\uff0c\u4ea4\u901a\u8865\u52a9\uff0c\u8282\u65e5\u798f\u5229\uff0c\u9910\u8865""]",HR,王女士HR,0,高谱技术,"https://img.bosszhipin.com/beijin/mcs/chatphoto/20200730/7dcdf90cff976408dc54c06c89f85655d1d57b1b217776e11607bf93429f552d_s.jpg?x-oss-process=image/resize,w_100,limit_0",互联网,未融资,"[100, 499]",https://www.zhipin.com/job_detail/abe3dba9e71cede81XB_09-0ElZQ.html?lid=5eppHSq1Y9q.search.300&securityId=8KTHonogkcrcQ--1VCe-zHWRqkzm1QhqeVw6N5sdhwXxbrs3XC-2XAe3Im7HO7HUCC_IlhIaU_AEkC5esfjSijj_aGIgvBkXrjhujM0ynFXqUHKhAQ~~&sessionId=,https://www.zhipin.com/gongsi/c422689eca9147d61nB839m-Fg~~.html,黄埔区
